path,label,wall,split,group
data/paper/paper_652.png,paper,smooth,train,614
data/paper/paper_578.png,paper,smooth,train,531
data/paper/paper_505.png,paper,smooth,train,451
data/paper/paper_599.png,paper,smooth,train,554
data/paper/paper_354.png,paper,smooth,train,283
data/paper/paper_613.png,paper,smooth,train,571
data/paper/paper_702.png,paper,smooth,train,670
data/paper/paper_540.png,paper,smooth,train,490
data/paper/paper_663.png,paper,smooth,train,626
data/paper/paper_658.png,paper,smooth,train,620
data/paper/paper_504.png,paper,smooth,train,450
data/paper/paper_412.png,paper,smooth,train,348
data/paper/paper_555.png,paper,smooth,train,506
data/paper/paper_373.png,paper,smooth,train,304
data/paper/paper_623.png,paper,smooth,train,582
data/paper/paper_686.png,paper,smooth,train,651
data/paper/paper_385.png,paper,smooth,train,317
data/paper/paper_428.png,paper,smooth,train,365
data/paper/paper_468.png,paper,smooth,train,409
data/paper/paper_394.png,paper,smooth,train,327
data/paper/paper_636.png,paper,smooth,train,596
data/paper/paper_603.png,paper,smooth,train,560
data/paper/paper_579.png,paper,smooth,train,532
data/paper/paper_678.png,paper,smooth,train,642
data/paper/paper_677.png,paper,smooth,train,641
data/paper/paper_392.png,paper,smooth,train,325
data/paper/paper_179.png,paper,smooth,train,88
data/paper/paper_518.png,paper,smooth,train,465
data/paper/paper_421.png,paper,smooth,train,358
data/paper/paper_424.png,paper,smooth,train,362
data/paper/paper_425.png,paper,smooth,train,362
data/paper/paper_494.png,paper,smooth,train,438
data/paper/paper_472.png,paper,smooth,train,414
data/paper/paper_405.png,paper,smooth,train,340
data/paper/paper_596.png,paper,smooth,train,551
data/paper/paper_442.png,paper,smooth,train,381
data/paper/paper_690.png,paper,smooth,train,656
data/paper/paper_634.png,paper,smooth,train,595
data/paper/paper_635.png,paper,smooth,train,595
data/paper/paper_545.png,paper,smooth,train,495
data/paper/paper_489.png,paper,smooth,train,432
data/paper/paper_497.png,paper,smooth,train,441
data/paper/paper_400.png,paper,smooth,train,335
data/paper/paper_90.png,paper,smooth,train,889
data/paper/paper_347.png,paper,smooth,train,275
data/paper/paper_707.png,paper,smooth,train,675
data/paper/paper_539.png,paper,smooth,train,488
data/paper/paper_571.png,paper,smooth,train,524
data/paper/paper_375.png,paper,smooth,train,306
data/paper/paper_604.png,paper,smooth,train,561
data/paper/paper_410.png,paper,smooth,train,346
data/paper/paper_397.png,paper,smooth,train,330
data/paper/paper_386.png,paper,smooth,train,318
data/paper/paper_346.png,paper,smooth,train,274
data/paper/paper_479.png,paper,smooth,train,421
data/paper/paper_681.png,paper,smooth,train,646
data/paper/paper_420.png,paper,smooth,train,357
data/paper/paper_358.png,paper,smooth,train,287
data/paper/paper_563.png,paper,smooth,train,515
data/paper/paper_687.png,paper,smooth,train,657
data/paper/paper_691.png,paper,smooth,train,657
data/paper/paper_544.png,paper,smooth,train,494
data/paper/paper_483.png,paper,smooth,train,428
data/paper/paper_484.png,paper,smooth,train,428
data/paper/paper_485.png,paper,smooth,train,428
data/paper/paper_509.png,paper,smooth,train,455
data/paper/paper_574.png,paper,smooth,train,527
data/paper/paper_679.png,paper,smooth,train,643
data/paper/paper_515.png,paper,smooth,train,462
data/paper/paper_560.png,paper,smooth,train,512
data/paper/paper_417.png,paper,smooth,train,353
data/paper/paper_550.png,paper,smooth,train,501
data/paper/paper_556.png,paper,smooth,train,507
data/paper/paper_415.png,paper,smooth,train,351
data/paper/paper_471.png,paper,smooth,train,413
data/paper/paper_444.png,paper,smooth,train,383
data/paper/paper_357.png,paper,smooth,train,286
data/paper/paper_431.png,paper,smooth,train,369
data/paper/paper_279.png,paper,smooth,train,199
data/paper/paper_409.png,paper,smooth,train,344
data/paper/paper_680.png,paper,smooth,train,645
data/paper/paper_450.png,paper,smooth,train,390
data/paper/paper_631.png,paper,smooth,train,591
data/paper/paper_474.png,paper,smooth,train,416
data/paper/paper_462.png,paper,smooth,train,403
data/paper/paper_668.png,paper,smooth,train,631
data/paper/paper_531.png,paper,smooth,train,480
data/paper/paper_457.png,paper,smooth,train,397
data/paper/paper_542.png,paper,smooth,train,492
data/paper/paper_440.png,paper,smooth,train,379
data/paper/paper_616.png,paper,smooth,train,574
data/paper/paper_683.png,paper,smooth,train,648
data/paper/paper_517.png,paper,smooth,train,464
data/paper/paper_572.png,paper,smooth,train,525
data/paper/paper_671.png,paper,smooth,train,635
data/paper/paper_514.png,paper,smooth,train,461
data/paper/paper_543.png,paper,smooth,train,493
data/paper/paper_190.png,paper,smooth,train,101
data/paper/paper_577.png,paper,smooth,train,530
data/paper/paper_389.png,paper,smooth,train,321
data/paper/paper_666.png,paper,smooth,train,629
data/paper/paper_445.png,paper,smooth,train,384
data/paper/paper_576.png,paper,smooth,train,529
data/paper/paper_592.png,paper,smooth,train,548
data/paper/paper_593.png,paper,smooth,train,548
data/paper/paper_591.png,paper,smooth,train,546
data/paper/paper_168.png,paper,smooth,train,76
data/paper/paper_557.png,paper,smooth,train,508
data/paper/paper_600.png,paper,smooth,train,557
data/paper/paper_665.png,paper,smooth,train,628
data/paper/paper_689.png,paper,smooth,train,654
data/paper/paper_506.png,paper,smooth,train,452
data/paper/paper_646.png,paper,smooth,train,607
data/paper/paper_661.png,paper,smooth,train,624
data/paper/paper_564.png,paper,smooth,train,516
data/paper/paper_435.png,paper,smooth,train,373
data/paper/paper_469.png,paper,smooth,train,410
data/paper/paper_351.png,paper,smooth,train,280
data/paper/paper_704.png,paper,smooth,train,672
data/paper/paper_525.png,paper,smooth,train,473
data/paper/paper_496.png,paper,smooth,train,440
data/paper/paper_363.png,paper,smooth,train,293
data/paper/paper_481.png,paper,smooth,train,424
data/paper/paper_498.png,paper,smooth,train,442
data/paper/paper_146.png,paper,smooth,train,52
data/paper/paper_710.png,paper,smooth,train,679
data/paper/paper_526.png,paper,smooth,train,474
data/paper/paper_624.png,paper,smooth,train,583
data/paper/paper_486.png,paper,smooth,train,429
data/paper/paper_135.png,paper,smooth,train,40
data/paper/paper_414.png,paper,smooth,train,350
data/paper/paper_453.png,paper,smooth,train,393
data/paper/paper_379.png,paper,smooth,train,310
data/paper/paper_427.png,paper,smooth,train,364
data/paper/paper_662.png,paper,smooth,train,625
data/paper/paper_411.png,paper,smooth,train,347
data/paper/paper_673.png,paper,smooth,train,637
data/paper/paper_492.png,paper,smooth,train,436
data/paper/paper_589.png,paper,smooth,train,553
data/paper/paper_598.png,paper,smooth,train,553
data/paper/paper_368.png,paper,smooth,train,298
data/paper/paper_426.png,paper,smooth,train,363
data/paper/paper_566.png,paper,smooth,train,518
data/paper/paper_382.png,paper,smooth,train,314
data/paper/paper_507.png,paper,smooth,train,453
data/paper/paper_610.png,paper,smooth,train,568
data/paper/paper_672.png,paper,smooth,train,636
data/paper/paper_500.png,paper,smooth,train,446
data/paper/paper_638.png,paper,smooth,train,598
data/paper/paper_601.png,paper,smooth,train,558
data/paper/paper_380.png,paper,smooth,train,312
data/paper/paper_454.png,paper,smooth,train,394
data/paper/paper_476.png,paper,smooth,train,418
data/paper/paper_404.png,paper,smooth,train,339
data/paper/paper_157.png,paper,smooth,train,64
data/paper/paper_595.png,paper,smooth,train,550
data/paper/paper_502.png,paper,smooth,train,448
data/paper/paper_695.png,paper,smooth,train,662
data/paper/paper_696.png,paper,smooth,train,662
data/paper/paper_268.png,paper,smooth,train,187
data/paper/paper_11.png,paper,smooth,train,23
data/paper/paper_12.png,paper,smooth,train,23
data/paper/paper_588.png,paper,smooth,train,542
data/paper/paper_482.png,paper,smooth,train,425
data/paper/paper_378.png,paper,smooth,train,309
data/paper/paper_573.png,paper,smooth,train,526
data/paper/paper_655.png,paper,smooth,train,617
data/paper/paper_13.png,paper,smooth,train,34
data/paper/paper_406.png,paper,smooth,train,341
data/paper/paper_580.png,paper,smooth,train,534
data/paper/paper_79.png,paper,smooth,train,766
data/paper/paper_659.png,paper,smooth,train,623
data/paper/paper_660.png,paper,smooth,train,623
data/paper/paper_350.png,paper,smooth,train,279
data/paper/paper_437.png,paper,smooth,train,375
data/paper/paper_455.png,paper,smooth,train,396
data/paper/paper_456.png,paper,smooth,train,396
data/paper/paper_594.png,paper,smooth,train,549
data/paper/paper_537.png,paper,smooth,train,487
data/paper/paper_538.png,paper,smooth,train,487
data/paper/paper_618.png,paper,smooth,train,576
data/paper/paper_423.png,paper,smooth,train,360
data/paper/paper_674.png,paper,smooth,train,638
data/paper/paper_642.png,paper,smooth,train,603
data/paper/paper_534.png,paper,smooth,train,483
data/paper/paper_374.png,paper,smooth,train,305
data/paper/paper_582.png,paper,smooth,train,536
data/paper/paper_541.png,paper,smooth,train,491
data/paper/paper_532.png,paper,smooth,train,481
data/paper/paper_597.png,paper,smooth,train,552
data/paper/paper_362.png,paper,smooth,train,292
data/paper/paper_709.png,paper,smooth,train,677
data/paper/paper_443.png,paper,smooth,train,382
data/paper/paper_495.png,paper,smooth,train,439
data/paper/paper_667.png,paper,smooth,train,630
data/paper/paper_352.png,paper,smooth,train,281
data/paper/paper_632.png,paper,smooth,train,592
data/paper/paper_257.png,paper,smooth,train,175
data/paper/paper_446.png,paper,smooth,train,385
data/paper/paper_312.png,paper,smooth,train,237
data/paper/paper_290.png,paper,smooth,train,225
data/paper/paper_301.png,paper,smooth,train,225
data/paper/paper_470.png,paper,smooth,train,412
data/paper/paper_639.png,paper,smooth,train,599
data/paper/paper_235.png,paper,smooth,train,151
data/paper/paper_381.png,paper,smooth,train,313
data/paper/paper_606.png,paper,smooth,train,563
data/paper/paper_413.png,paper,smooth,train,349
data/paper/paper_559.png,paper,smooth,train,510
data/paper/paper_124.png,paper,smooth,train,28
data/paper/paper_625.png,paper,smooth,train,586
data/paper/paper_626.png,paper,smooth,train,586
data/paper/paper_627.png,paper,smooth,train,586
data/paper/paper_402.png,paper,smooth,train,337
data/paper/paper_478.png,paper,smooth,train,420
data/paper/paper_554.png,paper,smooth,train,505
data/paper/paper_575.png,paper,smooth,train,528
data/paper/paper_527.png,paper,smooth,train,479
data/paper/paper_528.png,paper,smooth,train,479
data/paper/paper_529.png,paper,smooth,train,479
data/paper/paper_530.png,paper,smooth,train,479
data/paper/paper_621.png,paper,smooth,val,580
data/paper/paper_361.png,paper,smooth,test,291
data/paper/paper_549.png,paper,smooth,val,499
data/paper/paper_416.png,paper,smooth,test,352
data/paper/paper_359.png,paper,smooth,train,288
data/paper/paper_370.png,paper,smooth,val,301
data/paper/paper_480.png,paper,smooth,test,423
data/paper/paper_547.png,paper,smooth,train,497
data/paper/paper_490.png,paper,smooth,val,434
data/paper/paper_396.png,paper,smooth,test,329
data/paper/paper_586.png,paper,smooth,train,540
data/paper/paper_348.png,paper,smooth,val,276
data/paper/paper_452.png,paper,smooth,test,392
data/paper/paper_365.png,paper,smooth,train,295
data/paper/paper_522.png,paper,smooth,val,470
data/paper/paper_451.png,paper,smooth,test,391
data/paper/paper_387.png,paper,smooth,train,319
data/paper/paper_553.png,paper,smooth,train,504
data/paper/paper_57.png,paper,smooth,val,522
data/paper/paper_101.png,paper,smooth,test,3
data/paper/paper_647.png,paper,smooth,val,608
data/paper/paper_585.png,paper,smooth,test,539
data/paper/paper_693.png,paper,smooth,train,659
data/paper/paper_395.png,paper,smooth,train,328
data/paper/paper_656.png,paper,smooth,val,618
data/paper/paper_629.png,paper,smooth,test,590
data/paper/paper_630.png,paper,smooth,test,590
data/paper/paper_491.png,paper,smooth,val,435
data/paper/paper_524.png,paper,smooth,train,472
data/paper/paper_388.png,paper,smooth,train,320
data/paper/paper_519.png,paper,smooth,val,466
data/paper/paper_611.png,paper,smooth,test,570
data/paper/paper_612.png,paper,smooth,test,570
data/paper/paper_558.png,paper,smooth,val,509
data/paper/paper_570.png,paper,smooth,train,523
data/paper/paper_35.png,paper,smooth,train,278
data/paper/paper_511.png,paper,smooth,val,458
data/paper/paper_583.png,paper,smooth,test,537
data/paper/paper_112.png,paper,smooth,val,15
data/paper/paper_552.png,paper,smooth,test,503
data/paper/paper_466.png,paper,smooth,train,407
data/paper/paper_384.png,paper,smooth,train,316
data/paper/paper_602.png,paper,smooth,val,559
data/paper/paper_643.png,paper,smooth,test,604
data/paper/paper_581.png,paper,smooth,val,535
data/paper/paper_418.png,paper,smooth,test,354
data/paper/paper_650.png,paper,smooth,train,613
data/paper/paper_651.png,paper,smooth,train,613
data/paper/paper_615.png,paper,smooth,val,573
data/paper/paper_477.png,paper,smooth,test,419
data/paper/paper_628.png,paper,smooth,val,587
data/paper/paper_676.png,paper,smooth,test,640
data/paper/paper_605.png,paper,smooth,train,562
data/paper/paper_644.png,paper,smooth,val,606
data/paper/paper_645.png,paper,smooth,val,606
data/paper/paper_487.png,paper,smooth,test,430
data/paper/paper_398.png,paper,smooth,train,331
data/paper/paper_376.png,paper,smooth,test,307
data/paper/paper_345.png,paper,smooth,train,273
data/paper/paper_366.png,paper,smooth,val,296
data/paper/paper_584.png,paper,smooth,test,538
data/paper/paper_390.png,paper,smooth,train,323
data/paper/paper_619.png,paper,smooth,val,577
data/paper/paper_653.png,paper,smooth,test,616
data/paper/paper_654.png,paper,smooth,test,616
data/paper/paper_535.png,paper,smooth,train,484
data/paper/paper_551.png,paper,smooth,val,502
data/paper/paper_458.png,paper,smooth,train,398
data/paper/paper_448.png,paper,smooth,val,388
data/paper/paper_449.png,paper,smooth,val,388
data/paper/paper_706.png,paper,smooth,test,674
data/paper/paper_664.png,paper,smooth,train,627
data/paper/paper_393.png,paper,smooth,test,326
data/paper/paper_567.png,paper,smooth,train,519
data/paper/paper_533.png,paper,smooth,val,482
data/paper/paper_587.png,paper,smooth,test,541
data/paper/paper_609.png,paper,smooth,train,566
data/paper/paper_684.png,paper,smooth,val,649
data/paper/paper_430.png,paper,smooth,test,368
data/paper/paper_353.png,paper,smooth,train,282
data/paper/paper_460.png,paper,smooth,val,401
data/paper/paper_536.png,paper,smooth,test,485
data/paper/paper_488.png,paper,smooth,train,431
data/paper/paper_697.png,paper,smooth,val,663
data/paper/paper_439.png,paper,smooth,test,377
data/paper/paper_349.png,paper,smooth,train,277
data/paper/paper_493.png,paper,smooth,val,437
data/paper/paper_682.png,paper,smooth,test,647
data/paper/paper_620.png,paper,smooth,train,579
data/paper/paper_461.png,paper,smooth,val,402
data/paper/paper_699.png,paper,smooth,test,669
data/paper/paper_700.png,paper,smooth,test,669
data/paper/paper_701.png,paper,smooth,test,669
data/paper/paper_569.png,paper,smooth,train,521
data/paper/paper_637.png,paper,smooth,train,597
data/paper/paper_708.png,paper,smooth,val,676
data/paper/paper_607.png,paper,smooth,val,564
data/paper/paper_407.png,paper,smooth,train,343
data/paper/paper_408.png,paper,smooth,train,343
data/paper/paper_356.png,paper,smooth,val,285
data/paper/paper_46.png,paper,smooth,test,400
data/paper/paper_429.png,paper,smooth,val,366
data/paper/paper_508.png,paper,smooth,test,454
data/paper/paper_516.png,paper,smooth,train,463
data/paper/paper_403.png,paper,smooth,train,338
data/paper/paper_513.png,paper,smooth,val,460
data/paper/paper_565.png,paper,smooth,test,517
data/paper/paper_685.png,paper,smooth,val,650
data/paper/paper_669.png,paper,smooth,test,632
data/paper/paper_371.png,paper,smooth,train,302
data/paper/paper_692.png,paper,smooth,train,658
data/paper/paper_657.png,paper,smooth,val,619
data/paper/paper_473.png,paper,smooth,test,415
data/paper/paper_438.png,paper,smooth,val,376
data/paper/paper_334.png,paper,smooth,test,261
data/paper/paper_355.png,paper,smooth,train,284
data/paper/paper_419.png,paper,smooth,train,355
data/paper/paper_633.png,paper,smooth,val,593
data/paper/paper_512.png,paper,smooth,test,459
data/paper/paper_475.png,paper,smooth,val,417
data/paper/paper_617.png,paper,smooth,test,575
data/paper/paper_360.png,paper,smooth,train,290
data/paper/paper_520.png,paper,smooth,val,468
data/paper/paper_383.png,paper,smooth,test,315
data/paper/paper_608.png,paper,smooth,train,565
data/paper/paper_568.png,paper,smooth,val,520
data/paper/paper_323.png,paper,smooth,test,249
data/paper/paper_459.png,paper,smooth,train,399
data/paper/paper_649.png,paper,smooth,val,610
data/paper/paper_503.png,paper,smooth,test,449
data/paper/paper_510.png,paper,smooth,train,457
data/paper/paper_369.png,paper,smooth,val,299
data/paper/paper_521.png,paper,smooth,test,471
data/paper/paper_523.png,paper,smooth,test,471
data/paper/paper_694.png,paper,smooth,train,660
data/paper/paper_705.png,paper,smooth,val,673
data/paper/paper_499.png,paper,smooth,train,443
data/paper/paper_432.png,paper,smooth,val,370
data/paper/paper_399.png,paper,smooth,test,332
data/paper/paper_68.png,paper,smooth,train,644
data/paper/paper_501.png,paper,smooth,val,447
data/paper/paper_698.png,paper,smooth,test,664
data/paper/paper_401.png,paper,smooth,train,336
data/paper/paper_123.png,paper,smooth,val,27
data/paper/paper_467.png,paper,smooth,test,408
data/paper/paper_640.png,paper,smooth,train,601
data/paper/paper_561.png,paper,smooth,val,514
data/paper/paper_562.png,paper,smooth,val,514
data/paper/paper_434.png,paper,smooth,test,372
data/paper/paper_546.png,paper,smooth,train,496
data/paper/paper_703.png,paper,smooth,test,671
data/paper/paper_675.png,paper,smooth,train,639
data/paper/paper_422.png,paper,smooth,val,359
data/paper/paper_622.png,paper,smooth,test,581
data/paper/paper_234.png,paper,smooth,train,150
data/paper/paper_648.png,paper,smooth,val,609
data/paper/paper_590.png,paper,smooth,test,545
data/paper/paper_441.png,paper,smooth,train,380
data/paper/paper_433.png,paper,smooth,val,371
data/paper/paper_367.png,paper,smooth,test,297
data/paper/paper_24.png,paper,smooth,train,156
data/paper/paper_246.png,paper,smooth,val,163
data/paper/paper_548.png,paper,smooth,test,498
data/paper/paper_641.png,paper,smooth,train,602
data/paper/paper_364.png,paper,smooth,val,294
data/paper/paper_614.png,paper,smooth,test,572
data/paper/paper_688.png,paper,smooth,train,653
data/paper/paper_372.png,paper,smooth,train,303
data/paper/paper_391.png,paper,smooth,val,324
data/paper/paper_436.png,paper,smooth,test,374
data/paper/paper_447.png,paper,smooth,val,386
data/paper/paper_463.png,paper,smooth,test,406
data/paper/paper_464.png,paper,smooth,test,406
data/paper/paper_465.png,paper,smooth,test,406
data/paper/paper_201.png,paper,smooth,train,138
data/paper/paper_212.png,paper,smooth,train,138
data/paper/paper_223.png,paper,smooth,train,138
data/paper/paper_377.png,paper,smooth,val,308
data/paper/paper_670.png,paper,smooth,val,634
data/paper/paper_837.png,paper,textured,train,819
data/paper/paper_727.png,paper,textured,train,697
data/paper/paper_136.png,paper,textured,train,41
data/paper/paper_716.png,paper,textured,train,685
data/paper/paper_62.png,paper,textured,train,578
data/paper/paper_307.png,paper,textured,train,260
data/paper/paper_333.png,paper,textured,train,260
data/paper/paper_790.png,paper,textured,train,768
data/paper/paper_791.png,paper,textured,train,768
data/paper/paper_847.png,paper,textured,train,830
data/paper/paper_328.png,paper,textured,train,254
data/paper/paper_204.png,paper,textured,train,117
data/paper/paper_2.png,paper,textured,train,111
data/paper/paper_739.png,paper,textured,train,710
data/paper/paper_814.png,paper,textured,train,794
data/paper/paper_902.png,paper,textured,train,893
data/paper/paper_903.png,paper,textured,train,893
data/paper/paper_153.png,paper,textured,train,60
data/paper/paper_316.png,paper,textured,train,241
data/paper/paper_193.png,paper,textured,train,104
data/paper/paper_15.png,paper,textured,train,56
data/paper/paper_891.png,paper,textured,train,879
data/paper/paper_54.png,paper,textured,train,489
data/paper/paper_745.png,paper,textured,train,723
data/paper/paper_746.png,paper,textured,train,723
data/paper/paper_747.png,paper,textured,train,723
data/paper/paper_748.png,paper,textured,train,723
data/paper/paper_750.png,paper,textured,train,723
data/paper/paper_127.png,paper,textured,train,31
data/paper/paper_67.png,paper,textured,train,633
data/paper/paper_140.png,paper,textured,train,46
data/paper/paper_126.png,paper,textured,train,30
data/paper/paper_20.png,paper,textured,train,112
data/paper/paper_880.png,paper,textured,train,867
data/paper/paper_294.png,paper,textured,train,216
data/paper/paper_184.png,paper,textured,train,94
data/paper/paper_266.png,paper,textured,train,186
data/paper/paper_267.png,paper,textured,train,186
data/paper/paper_86.png,paper,textured,train,844
data/paper/paper_286.png,paper,textured,train,207
data/paper/paper_180.png,paper,textured,train,90
data/paper/paper_131.png,paper,textured,train,36
data/paper/paper_113.png,paper,textured,train,16
data/paper/paper_31.png,paper,textured,train,234
data/paper/paper_64.png,paper,textured,train,600
data/paper/paper_107.png,paper,textured,train,9
data/paper/paper_720.png,paper,textured,train,690
data/paper/paper_108.png,paper,textured,train,10
data/paper/paper_874.png,paper,textured,train,860
data/paper/paper_69.png,paper,textured,train,655
data/paper/paper_297.png,paper,textured,train,220
data/paper/paper_298.png,paper,textured,train,220
data/paper/paper_115.png,paper,textured,train,18
data/paper/paper_864.png,paper,textured,train,849
data/paper/paper_232.png,paper,textured,train,148
data/paper/paper_736.png,paper,textured,train,709
data/paper/paper_737.png,paper,textured,train,709
data/paper/paper_738.png,paper,textured,train,709
data/paper/paper_867.png,paper,textured,train,852
data/paper/paper_276.png,paper,textured,train,196
data/paper/paper_774.png,paper,textured,train,751
data/paper/paper_775.png,paper,textured,train,751
data/paper/paper_776.png,paper,textured,train,751
data/paper/paper_777.png,paper,textured,train,751
data/paper/paper_778.png,paper,textured,train,751
data/paper/paper_78.png,paper,textured,train,755
data/paper/paper_191.png,paper,textured,train,102
data/paper/paper_717.png,paper,textured,train,688
data/paper/paper_718.png,paper,textured,train,688
data/paper/paper_719.png,paper,textured,train,688
data/paper/paper_89.png,paper,textured,train,877
data/paper/paper_846.png,paper,textured,train,829
data/paper/paper_132.png,paper,textured,train,38
data/paper/paper_133.png,paper,textured,train,38
data/paper/paper_104.png,paper,textured,train,6
data/paper/paper_227.png,paper,textured,train,142
data/paper/paper_836.png,paper,textured,train,818
data/paper/paper_244.png,paper,textured,train,161
data/paper/paper_220.png,paper,textured,train,135
data/paper/paper_901.png,paper,textured,train,891
data/paper/paper_174.png,paper,textured,train,83
data/paper/paper_281.png,paper,textured,train,202
data/paper/paper_52.png,paper,textured,train,467
data/paper/paper_868.png,paper,textured,train,853
data/paper/paper_214.png,paper,textured,train,129
data/paper/paper_215.png,paper,textured,train,129
data/paper/paper_166.png,paper,textured,train,74
data/paper/paper_303.png,paper,textured,train,227
data/paper/paper_149.png,paper,textured,train,55
data/paper/paper_339.png,paper,textured,train,266
data/paper/paper_137.png,paper,textured,train,42
data/paper/paper_325.png,paper,textured,train,251
data/paper/paper_835.png,paper,textured,train,817
data/paper/paper_343.png,paper,textured,train,271
data/paper/paper_117.png,paper,textured,train,389
data/paper/paper_177.png,paper,textured,train,389
data/paper/paper_41.png,paper,textured,train,389
data/paper/paper_42.png,paper,textured,train,389
data/paper/paper_45.png,paper,textured,train,389
data/paper/paper_721.png,paper,textured,train,691
data/paper/paper_109.png,paper,textured,train,11
data/paper/paper_7.png,paper,textured,train,666
data/paper/paper_341.png,paper,textured,train,269
data/paper/paper_857.png,paper,textured,train,841
data/paper/paper_783.png,paper,textured,train,804
data/paper/paper_784.png,paper,textured,train,804
data/paper/paper_823.png,paper,textured,train,804
data/paper/paper_205.png,paper,textured,train,118
data/paper/paper_4.png,paper,textured,train,333
data/paper/paper_893.png,paper,textured,train,881
data/paper/paper_305.png,paper,textured,train,229
data/paper/paper_827.png,paper,textured,train,809
data/paper/paper_828.png,paper,textured,train,809
data/paper/paper_896.png,paper,textured,train,884
data/paper/paper_159.png,paper,textured,train,66
data/paper/paper_199.png,paper,textured,train,110
data/paper/paper_899.png,paper,textured,train,887
data/paper/paper_735.png,paper,textured,train,706
data/paper/paper_272.png,paper,textured,train,192
data/paper/paper_102.png,paper,textured,train,4
data/paper/paper_237.png,paper,textured,train,153
data/paper/paper_759.png,paper,textured,train,732
data/paper/paper_34.png,paper,textured,train,267
data/paper/paper_211.png,paper,textured,train,125
data/paper/paper_308.png,paper,textured,train,232
data/paper/paper_130.png,paper,textured,train,35
data/paper/paper_60.png,paper,textured,train,556
data/paper/paper_289.png,paper,textured,train,210
data/paper/paper_206.png,paper,textured,train,119
data/paper/paper_207.png,paper,textured,train,120
data/paper/paper_97.png,paper,textured,train,904
data/paper/paper_241.png,paper,textured,train,158
data/paper/paper_239.png,paper,textured,train,157
data/paper/paper_240.png,paper,textured,train,157
data/paper/paper_208.png,paper,textured,train,121
data/paper/paper_256.png,paper,textured,train,174
data/paper/paper_30.png,paper,textured,train,223
data/paper/paper_714.png,paper,textured,train,684
data/paper/paper_715.png,paper,textured,train,684
data/paper/paper_270.png,paper,textured,train,190
data/paper/paper_155.png,paper,textured,train,62
data/paper/paper_66.png,paper,textured,train,622
data/paper/paper_711.png,paper,textured,train,682
data/paper/paper_712.png,paper,textured,train,682
data/paper/paper_713.png,paper,textured,train,682
data/paper/paper_875.png,paper,textured,train,861
data/paper/paper_729.png,paper,textured,train,705
data/paper/paper_732.png,paper,textured,train,705
data/paper/paper_733.png,paper,textured,train,705
data/paper/paper_734.png,paper,textured,train,705
data/paper/paper_100.png,paper,textured,train,2
data/paper/paper_200.png,paper,textured,train,113
data/paper/paper_187.png,paper,textured,train,97
data/paper/paper_313.png,paper,textured,train,238
data/paper/paper_51.png,paper,textured,train,456
data/paper/paper_70.png,paper,textured,train,667
data/paper/paper_58.png,paper,textured,train,544
data/paper/paper_59.png,paper,textured,train,544
data/paper/paper_829.png,paper,textured,train,810
data/paper/paper_890.png,paper,textured,train,878
data/paper/paper_106.png,paper,textured,train,8
data/paper/paper_881.png,paper,textured,train,875
data/paper/paper_882.png,paper,textured,train,875
data/paper/paper_883.png,paper,textured,train,875
data/paper/paper_884.png,paper,textured,train,875
data/paper/paper_885.png,paper,textured,train,875
data/paper/paper_886.png,paper,textured,train,875
data/paper/paper_887.png,paper,textured,train,875
data/paper/paper_888.png,paper,textured,train,875
data/paper/paper_49.png,paper,textured,train,433
data/paper/paper_197.png,paper,textured,train,108
data/paper/paper_897.png,paper,textured,train,885
data/paper/paper_317.png,paper,textured,train,242
data/paper/paper_116.png,paper,textured,train,44
data/paper/paper_139.png,paper,textured,train,44
data/paper/paper_871.png,paper,textured,train,857
data/paper/paper_144.png,paper,textured,train,77
data/paper/paper_145.png,paper,textured,train,77
data/paper/paper_169.png,paper,textured,train,77
data/paper/paper_36.png,paper,textured,train,289
data/paper/paper_749.png,paper,textured,train,721
data/paper/paper_865.png,paper,textured,train,850
data/paper/paper_731.png,paper,textured,train,702
data/paper/paper_850.png,paper,textured,train,834
data/paper/paper_258.png,paper,textured,train,176
data/paper/paper_287.png,paper,textured,train,208
data/paper/paper_337.png,paper,textured,train,264
data/paper/paper_182.png,paper,textured,train,92
data/paper/paper_842.png,paper,textured,train,825
data/paper/paper_6.png,paper,textured,train,555
data/paper/paper_76.png,paper,textured,train,733
data/paper/paper_228.png,paper,textured,train,143
data/paper/paper_288.png,paper,textured,train,209
data/paper/paper_170.png,paper,textured,train,79
data/paper/paper_242.png,paper,textured,train,160
data/paper/paper_243.png,paper,textured,train,160
data/paper/paper_77.png,paper,textured,train,744
data/paper/paper_183.png,paper,textured,train,93
data/paper/paper_330.png,paper,textured,train,257
data/paper/paper_876.png,paper,textured,train,862
data/paper/paper_230.png,paper,textured,train,146
data/paper/paper_321.png,paper,textured,train,247
data/paper/paper_147.png,paper,textured,train,54
data/paper/paper_148.png,paper,textured,train,54
data/paper/paper_81.png,paper,textured,train,811
data/paper/paper_82.png,paper,textured,train,811
data/paper/paper_83.png,paper,textured,train,811
data/paper/paper_63.png,paper,textured,train,589
data/paper/paper_225.png,paper,textured,train,140
data/paper/paper_249.png,paper,textured,train,166
data/paper/paper_320.png,paper,textured,train,246
data/paper/paper_47.png,paper,textured,train,411
data/paper/paper_826.png,paper,textured,train,807
data/paper/paper_274.png,paper,textured,train,194
data/paper/paper_263.png,paper,textured,train,182
data/paper/paper_845.png,paper,textured,train,828
data/paper/paper_898.png,paper,textured,train,886
data/paper/paper_138.png,paper,textured,train,43
data/paper/paper_824.png,paper,textured,train,805
data/paper/paper_134.png,paper,textured,train,39
data/paper/paper_728.png,paper,textured,train,701
data/paper/paper_730.png,paper,textured,train,701
data/paper/paper_792.png,paper,textured,train,779
data/paper/paper_793.png,paper,textured,train,779
data/paper/paper_794.png,paper,textured,train,779
data/paper/paper_795.png,paper,textured,train,779
data/paper/paper_796.png,paper,textured,train,779
data/paper/paper_797.png,paper,textured,train,779
data/paper/paper_798.png,paper,textured,train,779
data/paper/paper_799.png,paper,textured,train,779
data/paper/paper_800.png,paper,textured,train,779
data/paper/paper_805.png,paper,textured,train,790
data/paper/paper_806.png,paper,textured,train,790
data/paper/paper_807.png,paper,textured,train,790
data/paper/paper_808.png,paper,textured,train,790
data/paper/paper_809.png,paper,textured,train,790
data/paper/paper_810.png,paper,textured,train,790
data/paper/paper_233.png,paper,textured,train,149
data/paper/paper_251.png,paper,textured,train,169
data/paper/paper_152.png,paper,textured,train,59
data/paper/paper_164.png,paper,textured,train,72
data/paper/paper_224.png,paper,textured,train,139
data/paper/paper_129.png,paper,textured,train,33
data/paper/paper_879.png,paper,textured,train,865
data/paper/paper_858.png,paper,textured,train,842
data/paper/paper_50.png,paper,textured,train,445
data/paper/paper_92.png,paper,textured,train,899
data/paper/paper_322.png,paper,textured,train,248
data/paper/paper_815.png,paper,textured,train,854
data/paper/paper_869.png,paper,textured,train,854
data/paper/paper_245.png,paper,textured,train,162
data/paper/paper_72.png,paper,textured,train,689
data/paper/paper_300.png,paper,textured,train,224
data/paper/paper_85.png,paper,textured,train,833
data/paper/paper_156.png,paper,textured,train,63
data/paper/paper_269.png,paper,textured,train,188
data/paper/paper_283.png,paper,textured,train,205
data/paper/paper_284.png,paper,textured,train,205
data/paper/paper_221.png,paper,textured,train,136
data/paper/paper_811.png,paper,textured,train,791
data/paper/paper_862.png,paper,textured,train,847
data/paper/paper_319.png,paper,textured,train,244
data/paper/paper_812.png,paper,textured,train,792
data/paper/paper_39.png,paper,textured,train,322
data/paper/paper_171.png,paper,textured,train,80
data/paper/paper_110.png,paper,textured,train,13
data/paper/paper_105.png,paper,textured,train,7
data/paper/paper_141.png,paper,textured,train,47
data/paper/paper_158.png,paper,textured,train,65
data/paper/paper_866.png,paper,textured,train,851
data/paper/paper_839.png,paper,textured,train,827
data/paper/paper_840.png,paper,textured,train,827
data/paper/paper_841.png,paper,textured,train,827
data/paper/paper_843.png,paper,textured,train,827
data/paper/paper_844.png,paper,textured,train,827
data/paper/paper_43.png,paper,textured,train,378
data/paper/paper_44.png,paper,textured,train,378
data/paper/paper_17.png,paper,textured,train,89
data/paper/paper_18.png,paper,textured,train,89
data/paper/paper_315.png,paper,textured,val,240
data/paper/paper_785.png,paper,textured,test,765
data/paper/paper_786.png,paper,textured,test,765
data/paper/paper_787.png,paper,textured,test,765
data/paper/paper_788.png,paper,textured,test,765
data/paper/paper_789.png,paper,textured,test,765
data/paper/paper_125.png,paper,textured,train,29
data/paper/paper_198.png,paper,textured,val,109
data/paper/paper_863.png,paper,textured,train,848
data/paper/paper_285.png,paper,textured,val,206
data/paper/paper_74.png,paper,textured,train,711
data/paper/paper_250.png,paper,textured,val,168
data/paper/paper_185.png,paper,textured,train,95
data/paper/paper_853.png,paper,textured,val,838
data/paper/paper_854.png,paper,textured,val,838
data/paper/paper_801.png,paper,textured,train,780
data/paper/paper_150.png,paper,textured,test,57
data/paper/paper_310.png,paper,textured,train,235
data/paper/paper_741.png,paper,textured,val,713
data/paper/paper_326.png,paper,textured,test,252
data/paper/paper_889.png,paper,textured,train,876
data/paper/paper_743.png,paper,textured,val,715
data/paper/paper_93.png,paper,textured,test,900
data/paper/paper_295.png,paper,textured,train,217
data/paper/paper_48.png,paper,textured,val,422
data/paper/paper_900.png,paper,textured,test,890
data/paper/paper_236.png,paper,textured,train,152
data/paper/paper_872.png,paper,textured,val,859
data/paper/paper_873.png,paper,textured,val,859
data/paper/paper_726.png,paper,textured,test,696
data/paper/paper_277.png,paper,textured,train,197
data/paper/paper_27.png,paper,textured,test,189
data/paper/paper_324.png,paper,textured,train,250
data/paper/paper_226.png,paper,textured,val,141
data/paper/paper_98.png,paper,textured,test,905
data/paper/paper_186.png,paper,textured,train,96
data/paper/paper_65.png,paper,textured,val,611
data/paper/paper_740.png,paper,textured,test,712
data/paper/paper_338.png,paper,textured,train,265
data/paper/paper_26.png,paper,textured,val,178
data/paper/paper_218.png,paper,textured,test,133
data/paper/paper_219.png,paper,textured,test,133
data/paper/paper_19.png,paper,textured,train,100
data/paper/paper_265.png,paper,textured,val,184
data/paper/paper_852.png,paper,textured,train,836
data/paper/paper_151.png,paper,textured,val,58
data/paper/paper_5.png,paper,textured,test,444
data/paper/paper_314.png,paper,textured,train,239
data/paper/paper_296.png,paper,textured,val,218
data/paper/paper_744.png,paper,textured,test,716
data/paper/paper_821.png,paper,textured,train,802
data/paper/paper_832.png,paper,textured,val,814
data/paper/paper_849.png,paper,textured,test,832
data/paper/paper_803.png,paper,textured,train,783
data/paper/paper_804.png,paper,textured,train,783
data/paper/paper_855.png,paper,textured,val,839
data/paper/paper_273.png,paper,textured,test,193
data/paper/paper_329.png,paper,textured,val,255
data/paper/paper_29.png,paper,textured,test,211
data/paper/paper_332.png,paper,textured,train,259
data/paper/paper_280.png,paper,textured,val,201
data/paper/paper_723.png,paper,textured,test,693
data/paper/paper_275.png,paper,textured,train,195
data/paper/paper_172.png,paper,textured,val,84
data/paper/paper_173.png,paper,textured,val,84
data/paper/paper_175.png,paper,textured,val,84
data/paper/paper_753.png,paper,textured,test,729
data/paper/paper_754.png,paper,textured,test,729
data/paper/paper_755.png,paper,textured,test,729
data/paper/paper_756.png,paper,textured,test,729
data/paper/paper_779.png,paper,textured,train,758
data/paper/paper_780.png,paper,textured,train,758
data/paper/paper_781.png,paper,textured,train,758
data/paper/paper_782.png,paper,textured,train,758
data/paper/paper_8.png,paper,textured,val,777
data/paper/paper_99.png,paper,textured,val,906
data/paper/paper_851.png,paper,textured,test,835
data/paper/paper_213.png,paper,textured,train,127
data/paper/paper_73.png,paper,textured,val,700
data/paper/paper_1.png,paper,textured,test,0
data/paper/paper_751.png,paper,textured,train,725
data/paper/paper_752.png,paper,textured,train,725
data/paper/paper_88.png,paper,textured,val,866
data/paper/paper_25.png,paper,textured,test,167
data/paper/paper_209.png,paper,textured,val,124
data/paper/paper_210.png,paper,textured,val,124
data/paper/paper_32.png,paper,textured,test,256
data/paper/paper_33.png,paper,textured,test,256
data/paper/paper_773.png,paper,textured,train,748
data/paper/paper_725.png,paper,textured,train,695
data/paper/paper_38.png,paper,textured,val,311
data/paper/paper_282.png,paper,textured,test,203
data/paper/paper_3.png,paper,textured,train,222
data/paper/paper_37.png,paper,textured,val,300
data/paper/paper_825.png,paper,textured,test,806
data/paper/paper_822.png,paper,textured,train,803
data/paper/paper_894.png,paper,textured,val,882
data/paper/paper_833.png,paper,textured,test,815
data/paper/paper_252.png,paper,textured,train,170
data/paper/paper_94.png,paper,textured,val,901
data/paper/paper_114.png,paper,textured,test,511
data/paper/paper_142.png,paper,textured,test,511
data/paper/paper_55.png,paper,textured,test,511
data/paper/paper_56.png,paper,textured,test,511
data/paper/paper_292.png,paper,textured,train,214
data/paper/paper_742.png,paper,textured,val,714
data/paper/paper_802.png,paper,textured,train,781
data/paper/paper_724.png,paper,textured,val,694
data/paper/paper_813.png,paper,textured,train,793
data/paper/paper_859.png,paper,textured,val,846
data/paper/paper_860.png,paper,textured,val,846
data/paper/paper_861.png,paper,textured,val,846
data/paper/paper_14.png,paper,textured,train,45
data/paper/paper_262.png,paper,textured,test,181
data/paper/paper_291.png,paper,textured,train,213
data/paper/paper_327.png,paper,textured,test,253
data/paper/paper_21.png,paper,textured,train,123
data/paper/paper_834.png,paper,textured,val,816
data/paper/paper_23.png,paper,textured,test,145
data/paper/paper_231.png,paper,textured,train,147
data/paper/paper_278.png,paper,textured,val,198
data/paper/paper_302.png,paper,textured,test,226
data/paper/paper_53.png,paper,textured,train,478
data/paper/paper_216.png,paper,textured,val,131
data/paper/paper_217.png,paper,textured,val,131
data/paper/paper_229.png,paper,textured,test,144
data/paper/paper_61.png,paper,textured,train,567
data/paper/paper_119.png,paper,textured,test,22
data/paper/paper_318.png,paper,textured,train,243
data/paper/paper_163.png,paper,textured,val,71
data/paper/paper_194.png,paper,textured,test,105
data/paper/paper_255.png,paper,textured,train,173
data/paper/paper_848.png,paper,textured,val,831
data/paper/paper_335.png,paper,textured,test,262
data/paper/paper_877.png,paper,textured,train,864
data/paper/paper_878.png,paper,textured,train,864
data/paper/paper_203.png,paper,textured,val,116
data/paper/paper_111.png,paper,textured,test,14
data/paper/paper_336.png,paper,textured,val,263
data/paper/paper_202.png,paper,textured,test,115
data/paper/paper_196.png,paper,textured,train,107
data/paper/paper_238.png,paper,textured,val,154
data/paper/paper_904.png,paper,textured,test,897
data/paper/paper_905.png,paper,textured,test,897
data/paper/paper_906.png,paper,textured,test,897
data/paper/paper_907.png,paper,textured,test,897
data/paper/paper_830.png,paper,textured,train,813
data/paper/paper_831.png,paper,textured,train,813
data/paper/paper_331.png,paper,textured,val,258
data/paper/paper_760.png,paper,textured,val,742
data/paper/paper_761.png,paper,textured,val,742
data/paper/paper_762.png,paper,textured,val,742
data/paper/paper_763.png,paper,textured,val,742
data/paper/paper_764.png,paper,textured,val,742
data/paper/paper_765.png,paper,textured,val,742
data/paper/paper_766.png,paper,textured,val,742
data/paper/paper_767.png,paper,textured,val,742
data/paper/paper_768.png,paper,textured,val,742
data/paper/paper_304.png,paper,textured,train,228
data/paper/paper_16.png,paper,textured,train,67
data/paper/paper_247.png,paper,textured,test,164
data/paper/paper_9.png,paper,textured,train,888
data/paper/paper_306.png,paper,textured,test,230
data/paper/paper_120.png,paper,textured,train,24
data/paper/paper_309.png,paper,textured,test,233
data/paper/paper_28.png,paper,textured,train,200
data/paper/paper_121.png,paper,textured,test,25
data/paper/paper_176.png,paper,textured,train,85
data/paper/paper_344.png,paper,textured,test,272
data/paper/paper_188.png,paper,textured,train,98
data/paper/paper_870.png,paper,textured,test,856
data/paper/paper_80.png,paper,textured,train,778
data/paper/paper_311.png,paper,textured,test,236
data/paper/paper_118.png,paper,textured,train,21
data/paper/paper_75.png,paper,textured,val,722
data/paper/paper_189.png,paper,textured,test,99
data/paper/paper_143.png,paper,textured,train,49
data/paper/paper_165.png,paper,textured,val,73
data/paper/paper_103.png,paper,textured,test,903
data/paper/paper_96.png,paper,textured,test,903
data/paper/paper_769.png,paper,textured,train,747
data/paper/paper_770.png,paper,textured,train,747
data/paper/paper_771.png,paper,textured,train,747
data/paper/paper_772.png,paper,textured,train,747
data/paper/paper_342.png,paper,textured,val,270
data/paper/paper_757.png,paper,textured,val,730
data/paper/paper_40.png,paper,textured,test,334
data/paper/paper_195.png,paper,textured,val,106
data/paper/paper_253.png,paper,textured,test,191
data/paper/paper_271.png,paper,textured,test,191
data/paper/paper_84.png,paper,textured,val,822
data/paper/paper_178.png,paper,textured,train,87
data/paper/paper_293.png,paper,textured,val,215
data/paper/paper_10.png,paper,textured,test,1
data/paper/paper_122.png,paper,textured,train,26
data/paper/paper_261.png,paper,textured,val,180
data/paper/paper_340.png,paper,textured,test,268
data/paper/paper_895.png,paper,textured,train,883
data/paper/paper_154.png,paper,textured,val,61
data/paper/paper_128.png,paper,textured,test,32
data/paper/paper_248.png,paper,textured,train,165
data/paper/paper_71.png,paper,textured,val,678
data/paper/paper_722.png,paper,textured,test,692
data/paper/paper_95.png,paper,textured,train,902
data/paper/paper_838.png,paper,textured,val,820
data/paper/paper_87.png,paper,textured,test,855
data/paper/paper_22.png,paper,textured,train,134
data/paper/paper_299.png,paper,textured,val,221
data/paper/paper_892.png,paper,textured,test,880
data/paper/paper_222.png,paper,textured,train,137
data/paper/paper_816.png,paper,textured,val,801
data/paper/paper_817.png,paper,textured,val,801
data/paper/paper_818.png,paper,textured,val,801
data/paper/paper_819.png,paper,textured,val,801
data/paper/paper_820.png,paper,textured,val,801
data/paper/paper_264.png,paper,textured,test,183
data/paper/paper_259.png,paper,textured,train,179
data/paper/paper_260.png,paper,textured,train,179
data/paper/paper_192.png,paper,textured,test,103
data/paper/paper_758.png,paper,textured,test,731
data/paper/paper_91.png,paper,textured,train,898
data/paper/paper_161.png,paper,textured,test,70
data/paper/paper_162.png,paper,textured,test,70
data/paper/paper_167.png,paper,textured,train,75
data/paper/paper_254.png,paper,textured,train,172
data/paper/paper_181.png,paper,textured,val,91
data/paper/paper_160.png,paper,textured,test,68
data/paper/paper_856.png,paper,textured,train,840
data/rock/rock_481.png,rock,smooth,train,1331
data/rock/rock_490.png,rock,smooth,train,1341
data/rock/rock_564.png,rock,smooth,train,1423
data/rock/rock_417.png,rock,smooth,train,1260
data/rock/rock_565.png,rock,smooth,train,1424
data/rock/rock_393.png,rock,smooth,train,1233
data/rock/rock_437.png,rock,smooth,train,1282
data/rock/rock_346.png,rock,smooth,train,1181
data/rock/rock_559.png,rock,smooth,train,1417
data/rock/rock_549.png,rock,smooth,train,1406
data/rock/rock_482.png,rock,smooth,train,1332
data/rock/rock_693.png,rock,smooth,train,1566
data/rock/rock_90.png,rock,smooth,train,1796
data/rock/rock_443.png,rock,smooth,train,1289
data/rock/rock_535.png,rock,smooth,train,1391
data/rock/rock_558.png,rock,smooth,train,1416
data/rock/rock_662.png,rock,smooth,train,1532
data/rock/rock_590.png,rock,smooth,train,1452
data/rock/rock_498.png,rock,smooth,train,1349
data/rock/rock_500.png,rock,smooth,train,1353
data/rock/rock_555.png,rock,smooth,train,1413
data/rock/rock_487.png,rock,smooth,train,1337
data/rock/rock_458.png,rock,smooth,train,1305
data/rock/rock_212.png,rock,smooth,train,1033
data/rock/rock_516.png,rock,smooth,train,1370
data/rock/rock_351.png,rock,smooth,train,1187
data/rock/rock_523.png,rock,smooth,train,1378
data/rock/rock_355.png,rock,smooth,train,1191
data/rock/rock_485.png,rock,smooth,train,1335
data/rock/rock_370.png,rock,smooth,train,1208
data/rock/rock_640.png,rock,smooth,train,1508
data/rock/rock_416.png,rock,smooth,train,1259
data/rock/rock_427.png,rock,smooth,train,1271
data/rock/rock_402.png,rock,smooth,train,1244
data/rock/rock_459.png,rock,smooth,train,1306
data/rock/rock_512.png,rock,smooth,train,1366
data/rock/rock_168.png,rock,smooth,train,983
data/rock/rock_357.png,rock,smooth,train,1193
data/rock/rock_531.png,rock,smooth,train,1387
data/rock/rock_587.png,rock,smooth,train,1448
data/rock/rock_467.png,rock,smooth,train,1315
data/rock/rock_440.png,rock,smooth,train,1286
data/rock/rock_589.png,rock,smooth,train,1450
data/rock/rock_369.png,rock,smooth,train,1206
data/rock/rock_501.png,rock,smooth,train,1354
data/rock/rock_507.png,rock,smooth,train,1360
data/rock/rock_650.png,rock,smooth,train,1522
data/rock/rock_651.png,rock,smooth,train,1522
data/rock/rock_652.png,rock,smooth,train,1522
data/rock/rock_653.png,rock,smooth,train,1522
data/rock/rock_527.png,rock,smooth,train,1382
data/rock/rock_586.png,rock,smooth,train,1447
data/rock/rock_476.png,rock,smooth,train,1325
data/rock/rock_681.png,rock,smooth,train,1553
data/rock/rock_403.png,rock,smooth,train,1245
data/rock/rock_11.png,rock,smooth,train,930
data/rock/rock_12.png,rock,smooth,train,930
data/rock/rock_146.png,rock,smooth,train,959
data/rock/rock_534.png,rock,smooth,train,1390
data/rock/rock_642.png,rock,smooth,train,1510
data/rock/rock_447.png,rock,smooth,train,1293
data/rock/rock_347.png,rock,smooth,train,1182
data/rock/rock_477.png,rock,smooth,train,1326
data/rock/rock_570.png,rock,smooth,train,1430
data/rock/rock_663.png,rock,smooth,train,1533
data/rock/rock_532.png,rock,smooth,train,1388
data/rock/rock_246.png,rock,smooth,train,1070
data/rock/rock_567.png,rock,smooth,train,1426
data/rock/rock_602.png,rock,smooth,train,1466
data/rock/rock_615.png,rock,smooth,train,1480
data/rock/rock_413.png,rock,smooth,train,1256
data/rock/rock_367.png,rock,smooth,train,1204
data/rock/rock_521.png,rock,smooth,train,1376
data/rock/rock_323.png,rock,smooth,train,1156
data/rock/rock_457.png,rock,smooth,train,1304
data/rock/rock_685.png,rock,smooth,train,1557
data/rock/rock_513.png,rock,smooth,train,1367
data/rock/rock_605.png,rock,smooth,train,1469
data/rock/rock_666.png,rock,smooth,train,1536
data/rock/rock_387.png,rock,smooth,train,1226
data/rock/rock_597.png,rock,smooth,train,1459
data/rock/rock_682.png,rock,smooth,train,1554
data/rock/rock_421.png,rock,smooth,train,1265
data/rock/rock_612.png,rock,smooth,train,1477
data/rock/rock_503.png,rock,smooth,train,1356
data/rock/rock_426.png,rock,smooth,train,1270
data/rock/rock_454.png,rock,smooth,train,1301
data/rock/rock_124.png,rock,smooth,train,935
data/rock/rock_579.png,rock,smooth,train,1441
data/rock/rock_580.png,rock,smooth,train,1441
data/rock/rock_706.png,rock,smooth,train,1581
data/rock/rock_407.png,rock,smooth,train,1249
data/rock/rock_613.png,rock,smooth,train,1478
data/rock/rock_536.png,rock,smooth,train,1392
data/rock/rock_412.png,rock,smooth,train,1255
data/rock/rock_667.png,rock,smooth,train,1537
data/rock/rock_462.png,rock,smooth,train,1310
data/rock/rock_461.png,rock,smooth,train,1309
data/rock/rock_543.png,rock,smooth,train,1400
data/rock/rock_408.png,rock,smooth,train,1250
data/rock/rock_360.png,rock,smooth,train,1216
data/rock/rock_361.png,rock,smooth,train,1216
data/rock/rock_378.png,rock,smooth,train,1216
data/rock/rock_546.png,rock,smooth,train,1403
data/rock/rock_373.png,rock,smooth,train,1211
data/rock/rock_610.png,rock,smooth,train,1475
data/rock/rock_635.png,rock,smooth,train,1504
data/rock/rock_636.png,rock,smooth,train,1504
data/rock/rock_637.png,rock,smooth,train,1504
data/rock/rock_594.png,rock,smooth,train,1456
data/rock/rock_384.png,rock,smooth,train,1223
data/rock/rock_404.png,rock,smooth,train,1246
data/rock/rock_376.png,rock,smooth,train,1214
data/rock/rock_496.png,rock,smooth,train,1347
data/rock/rock_677.png,rock,smooth,train,1548
data/rock/rock_709.png,rock,smooth,train,1584
data/rock/rock_377.png,rock,smooth,train,1215
data/rock/rock_406.png,rock,smooth,train,1248
data/rock/rock_388.png,rock,smooth,train,1227
data/rock/rock_382.png,rock,smooth,train,1221
data/rock/rock_301.png,rock,smooth,train,1132
data/rock/rock_422.png,rock,smooth,train,1266
data/rock/rock_544.png,rock,smooth,train,1401
data/rock/rock_643.png,rock,smooth,train,1513
data/rock/rock_644.png,rock,smooth,train,1513
data/rock/rock_645.png,rock,smooth,train,1513
data/rock/rock_690.png,rock,smooth,train,1563
data/rock/rock_352.png,rock,smooth,train,1188
data/rock/rock_431.png,rock,smooth,train,1276
data/rock/rock_548.png,rock,smooth,train,1405
data/rock/rock_526.png,rock,smooth,train,1381
data/rock/rock_112.png,rock,smooth,train,922
data/rock/rock_398.png,rock,smooth,train,1238
data/rock/rock_539.png,rock,smooth,train,1395
data/rock/rock_655.png,rock,smooth,train,1524
data/rock/rock_433.png,rock,smooth,train,1278
data/rock/rock_409.png,rock,smooth,train,1253
data/rock/rock_410.png,rock,smooth,train,1253
data/rock/rock_630.png,rock,smooth,train,1497
data/rock/rock_380.png,rock,smooth,train,1219
data/rock/rock_312.png,rock,smooth,train,1144
data/rock/rock_697.png,rock,smooth,train,1570
data/rock/rock_556.png,rock,smooth,train,1414
data/rock/rock_405.png,rock,smooth,train,1247
data/rock/rock_595.png,rock,smooth,train,1457
data/rock/rock_179.png,rock,smooth,train,995
data/rock/rock_509.png,rock,smooth,train,1362
data/rock/rock_691.png,rock,smooth,train,1564
data/rock/rock_452.png,rock,smooth,train,1300
data/rock/rock_453.png,rock,smooth,train,1300
data/rock/rock_611.png,rock,smooth,train,1476
data/rock/rock_391.png,rock,smooth,train,1231
data/rock/rock_429.png,rock,smooth,train,1273
data/rock/rock_638.png,rock,smooth,train,1505
data/rock/rock_445.png,rock,smooth,train,1291
data/rock/rock_35.png,rock,smooth,train,1185
data/rock/rock_625.png,rock,smooth,train,1491
data/rock/rock_492.png,rock,smooth,train,1343
data/rock/rock_79.png,rock,smooth,train,1673
data/rock/rock_520.png,rock,smooth,train,1375
data/rock/rock_362.png,rock,smooth,train,1200
data/rock/rock_363.png,rock,smooth,train,1200
data/rock/rock_517.png,rock,smooth,train,1371
data/rock/rock_696.png,rock,smooth,train,1569
data/rock/rock_354.png,rock,smooth,train,1190
data/rock/rock_390.png,rock,smooth,train,1230
data/rock/rock_541.png,rock,smooth,train,1398
data/rock/rock_528.png,rock,smooth,train,1383
data/rock/rock_466.png,rock,smooth,train,1314
data/rock/rock_57.png,rock,smooth,train,1429
data/rock/rock_657.png,rock,smooth,train,1530
data/rock/rock_658.png,rock,smooth,train,1530
data/rock/rock_659.png,rock,smooth,train,1530
data/rock/rock_660.png,rock,smooth,train,1530
data/rock/rock_371.png,rock,smooth,train,1209
data/rock/rock_68.png,rock,smooth,train,1551
data/rock/rock_626.png,rock,smooth,train,1492
data/rock/rock_676.png,rock,smooth,train,1547
data/rock/rock_609.png,rock,smooth,train,1473
data/rock/rock_588.png,rock,smooth,train,1449
data/rock/rock_606.png,rock,smooth,train,1470
data/rock/rock_395.png,rock,smooth,train,1236
data/rock/rock_396.png,rock,smooth,train,1236
data/rock/rock_381.png,rock,smooth,train,1220
data/rock/rock_624.png,rock,smooth,train,1490
data/rock/rock_574.png,rock,smooth,train,1434
data/rock/rock_562.png,rock,smooth,train,1421
data/rock/rock_530.png,rock,smooth,train,1386
data/rock/rock_533.png,rock,smooth,train,1389
data/rock/rock_430.png,rock,smooth,train,1275
data/rock/rock_101.png,rock,smooth,train,910
data/rock/rock_669.png,rock,smooth,train,1539
data/rock/rock_268.png,rock,smooth,train,1094
data/rock/rock_575.png,rock,smooth,train,1435
data/rock/rock_674.png,rock,smooth,train,1545
data/rock/rock_598.png,rock,smooth,train,1460
data/rock/rock_358.png,rock,smooth,train,1194
data/rock/rock_279.png,rock,smooth,train,1106
data/rock/rock_608.png,rock,smooth,train,1472
data/rock/rock_389.png,rock,smooth,train,1228
data/rock/rock_694.png,rock,smooth,train,1567
data/rock/rock_488.png,rock,smooth,train,1338
data/rock/rock_374.png,rock,smooth,train,1212
data/rock/rock_334.png,rock,smooth,train,1168
data/rock/rock_604.png,rock,smooth,train,1468
data/rock/rock_235.png,rock,smooth,train,1058
data/rock/rock_529.png,rock,smooth,train,1384
data/rock/rock_473.png,rock,smooth,train,1322
data/rock/rock_689.png,rock,smooth,train,1561
data/rock/rock_435.png,rock,smooth,train,1280
data/rock/rock_618.png,rock,smooth,train,1488
data/rock/rock_620.png,rock,smooth,train,1488
data/rock/rock_621.png,rock,smooth,train,1488
data/rock/rock_622.png,rock,smooth,train,1488
data/rock/rock_399.png,rock,smooth,train,1239
data/rock/rock_617.png,rock,smooth,train,1482
data/rock/rock_441.png,rock,smooth,train,1287
data/rock/rock_641.png,rock,smooth,train,1509
data/rock/rock_460.png,rock,smooth,train,1308
data/rock/rock_379.png,rock,smooth,train,1217
data/rock/rock_486.png,rock,smooth,val,1336
data/rock/rock_480.png,rock,smooth,test,1330
data/rock/rock_483.png,rock,smooth,train,1333
data/rock/rock_432.png,rock,smooth,val,1277
data/rock/rock_525.png,rock,smooth,test,1380
data/rock/rock_673.png,rock,smooth,train,1544
data/rock/rock_349.png,rock,smooth,val,1184
data/rock/rock_385.png,rock,smooth,test,1224
data/rock/rock_290.png,rock,smooth,train,1119
data/rock/rock_664.png,rock,smooth,val,1534
data/rock/rock_592.png,rock,smooth,test,1454
data/rock/rock_631.png,rock,smooth,train,1501
data/rock/rock_632.png,rock,smooth,train,1501
data/rock/rock_633.png,rock,smooth,train,1501
data/rock/rock_634.png,rock,smooth,train,1501
data/rock/rock_542.png,rock,smooth,val,1399
data/rock/rock_356.png,rock,smooth,test,1192
data/rock/rock_557.png,rock,smooth,val,1415
data/rock/rock_505.png,rock,smooth,test,1358
data/rock/rock_684.png,rock,smooth,val,1559
data/rock/rock_686.png,rock,smooth,val,1559
data/rock/rock_687.png,rock,smooth,val,1559
data/rock/rock_475.png,rock,smooth,test,1324
data/rock/rock_257.png,rock,smooth,test,1082
data/rock/rock_670.png,rock,smooth,train,1541
data/rock/rock_428.png,rock,smooth,train,1272
data/rock/rock_24.png,rock,smooth,test,1063
data/rock/rock_540.png,rock,smooth,val,1397
data/rock/rock_348.png,rock,smooth,test,1183
data/rock/rock_672.png,rock,smooth,train,1543
data/rock/rock_551.png,rock,smooth,train,1409
data/rock/rock_386.png,rock,smooth,val,1225
data/rock/rock_576.png,rock,smooth,test,1437
data/rock/rock_577.png,rock,smooth,test,1437
data/rock/rock_619.png,rock,smooth,val,1489
data/rock/rock_623.png,rock,smooth,val,1489
data/rock/rock_411.png,rock,smooth,train,1408
data/rock/rock_550.png,rock,smooth,train,1408
data/rock/rock_438.png,rock,smooth,test,1283
data/rock/rock_448.png,rock,smooth,val,1294
data/rock/rock_446.png,rock,smooth,test,1292
data/rock/rock_394.png,rock,smooth,train,1234
data/rock/rock_474.png,rock,smooth,train,1323
data/rock/rock_584.png,rock,smooth,val,1445
data/rock/rock_679.png,rock,smooth,test,1550
data/rock/rock_345.png,rock,smooth,val,1180
data/rock/rock_675.png,rock,smooth,test,1546
data/rock/rock_522.png,rock,smooth,train,1377
data/rock/rock_688.png,rock,smooth,train,1560
data/rock/rock_491.png,rock,smooth,val,1342
data/rock/rock_661.png,rock,smooth,test,1531
data/rock/rock_571.png,rock,smooth,val,1431
data/rock/rock_508.png,rock,smooth,test,1361
data/rock/rock_397.png,rock,smooth,train,1237
data/rock/rock_593.png,rock,smooth,val,1455
data/rock/rock_223.png,rock,smooth,test,1045
data/rock/rock_190.png,rock,smooth,train,1195
data/rock/rock_201.png,rock,smooth,train,1195
data/rock/rock_359.png,rock,smooth,train,1195
data/rock/rock_392.png,rock,smooth,val,1232
data/rock/rock_350.png,rock,smooth,test,1186
data/rock/rock_463.png,rock,smooth,val,1311
data/rock/rock_656.png,rock,smooth,test,1525
data/rock/rock_123.png,rock,smooth,val,934
data/rock/rock_400.png,rock,smooth,test,1242
data/rock/rock_366.png,rock,smooth,train,1203
data/rock/rock_514.png,rock,smooth,val,1368
data/rock/rock_442.png,rock,smooth,test,1288
data/rock/rock_479.png,rock,smooth,train,1328
data/rock/rock_425.png,rock,smooth,val,1269
data/rock/rock_372.png,rock,smooth,test,1210
data/rock/rock_472.png,rock,smooth,train,1321
data/rock/rock_647.png,rock,smooth,val,1516
data/rock/rock_648.png,rock,smooth,val,1516
data/rock/rock_680.png,rock,smooth,test,1552
data/rock/rock_436.png,rock,smooth,train,1281
data/rock/rock_600.png,rock,smooth,test,1464
data/rock/rock_420.png,rock,smooth,train,1264
data/rock/rock_601.png,rock,smooth,val,1465
data/rock/rock_489.png,rock,smooth,test,1339
data/rock/rock_424.png,rock,smooth,train,1268
data/rock/rock_383.png,rock,smooth,val,1222
data/rock/rock_444.png,rock,smooth,test,1290
data/rock/rock_456.png,rock,smooth,train,1303
data/rock/rock_614.png,rock,smooth,val,1479
data/rock/rock_699.png,rock,smooth,test,1580
data/rock/rock_700.png,rock,smooth,test,1580
data/rock/rock_702.png,rock,smooth,test,1580
data/rock/rock_703.png,rock,smooth,test,1580
data/rock/rock_704.png,rock,smooth,test,1580
data/rock/rock_705.png,rock,smooth,test,1580
data/rock/rock_707.png,rock,smooth,test,1580
data/rock/rock_708.png,rock,smooth,test,1580
data/rock/rock_710.png,rock,smooth,test,1580
data/rock/rock_563.png,rock,smooth,train,1422
data/rock/rock_510.png,rock,smooth,val,1364
data/rock/rock_499.png,rock,smooth,train,1350
data/rock/rock_547.png,rock,smooth,val,1404
data/rock/rock_506.png,rock,smooth,train,1359
data/rock/rock_603.png,rock,smooth,train,1467
data/rock/rock_572.png,rock,smooth,val,1432
data/rock/rock_518.png,rock,smooth,val,1372
data/rock/rock_484.png,rock,smooth,train,1334
data/rock/rock_671.png,rock,smooth,train,1542
data/rock/rock_537.png,rock,smooth,val,1393
data/rock/rock_439.png,rock,smooth,val,1284
data/rock/rock_478.png,rock,smooth,train,1327
data/rock/rock_368.png,rock,smooth,train,1205
data/rock/rock_157.png,rock,smooth,val,971
data/rock/rock_560.png,rock,smooth,val,1419
data/rock/rock_583.png,rock,smooth,train,1444
data/rock/rock_573.png,rock,smooth,train,1433
data/rock/rock_639.png,rock,smooth,val,1506
data/rock/rock_646.png,rock,smooth,test,1514
data/rock/rock_695.png,rock,smooth,val,1568
data/rock/rock_538.png,rock,smooth,test,1394
data/rock/rock_449.png,rock,smooth,train,1302
data/rock/rock_455.png,rock,smooth,train,1302
data/rock/rock_364.png,rock,smooth,val,1201
data/rock/rock_423.png,rock,smooth,test,1267
data/rock/rock_596.png,rock,smooth,val,1458
data/rock/rock_13.png,rock,smooth,test,941
data/rock/rock_616.png,rock,smooth,train,1481
data/rock/rock_468.png,rock,smooth,val,1316
data/rock/rock_470.png,rock,smooth,test,1320
data/rock/rock_471.png,rock,smooth,test,1320
data/rock/rock_698.png,rock,smooth,train,1576
data/rock/rock_701.png,rock,smooth,train,1576
data/rock/rock_46.png,rock,smooth,val,1307
data/rock/rock_511.png,rock,smooth,val,1365
data/rock/rock_434.png,rock,smooth,test,1279
data/rock/rock_581.png,rock,smooth,train,1442
data/rock/rock_418.png,rock,smooth,val,1262
data/rock/rock_419.png,rock,smooth,val,1262
data/rock/rock_494.png,rock,smooth,test,1346
data/rock/rock_495.png,rock,smooth,test,1346
data/rock/rock_585.png,rock,smooth,train,1446
data/rock/rock_234.png,rock,smooth,train,1057
data/rock/rock_502.png,rock,smooth,val,1355
data/rock/rock_524.png,rock,smooth,test,1379
data/rock/rock_665.png,rock,smooth,train,1535
data/rock/rock_627.png,rock,smooth,val,1495
data/rock/rock_628.png,rock,smooth,val,1495
data/rock/rock_629.png,rock,smooth,val,1495
data/rock/rock_568.png,rock,smooth,test,1427
data/rock/rock_450.png,rock,smooth,train,1297
data/rock/rock_561.png,rock,smooth,test,1420
data/rock/rock_469.png,rock,smooth,train,1348
data/rock/rock_497.png,rock,smooth,train,1348
data/rock/rock_365.png,rock,smooth,test,1202
data/rock/rock_451.png,rock,smooth,val,1298
data/rock/rock_493.png,rock,smooth,test,1344
data/rock/rock_464.png,rock,smooth,train,1312
data/rock/rock_649.png,rock,smooth,val,1523
data/rock/rock_654.png,rock,smooth,val,1523
data/rock/rock_554.png,rock,smooth,test,1412
data/rock/rock_569.png,rock,smooth,train,1428
data/rock/rock_578.png,rock,smooth,test,1438
data/rock/rock_607.png,rock,smooth,train,1471
data/rock/rock_668.png,rock,smooth,val,1538
data/rock/rock_465.png,rock,smooth,test,1313
data/rock/rock_599.png,rock,smooth,train,1461
data/rock/rock_414.png,rock,smooth,val,1258
data/rock/rock_415.png,rock,smooth,val,1258
data/rock/rock_553.png,rock,smooth,test,1411
data/rock/rock_401.png,rock,smooth,train,1243
data/rock/rock_566.png,rock,smooth,test,1425
data/rock/rock_678.png,rock,smooth,train,1549
data/rock/rock_515.png,rock,smooth,train,1369
data/rock/rock_552.png,rock,smooth,val,1410
data/rock/rock_375.png,rock,smooth,test,1213
data/rock/rock_582.png,rock,smooth,val,1443
data/rock/rock_545.png,rock,smooth,test,1402
data/rock/rock_135.png,rock,smooth,train,947
data/rock/rock_504.png,rock,smooth,train,1357
data/rock/rock_683.png,rock,smooth,val,1555
data/rock/rock_591.png,rock,smooth,test,1453
data/rock/rock_353.png,rock,smooth,val,1189
data/rock/rock_519.png,rock,smooth,test,1373
data/rock/rock_692.png,rock,smooth,train,1565
data/rock/rock_845.png,rock,textured,train,1789
data/rock/rock_894.png,rock,textured,train,1789
data/rock/rock_10.png,rock,textured,train,908
data/rock/rock_318.png,rock,textured,train,1150
data/rock/rock_181.png,rock,textured,train,998
data/rock/rock_100.png,rock,textured,train,909
data/rock/rock_154.png,rock,textured,train,968
data/rock/rock_86.png,rock,textured,train,1751
data/rock/rock_747.png,rock,textured,train,1627
data/rock/rock_748.png,rock,textured,train,1627
data/rock/rock_7.png,rock,textured,train,1573
data/rock/rock_242.png,rock,textured,train,1066
data/rock/rock_869.png,rock,textured,train,1761
data/rock/rock_325.png,rock,textured,train,1159
data/rock/rock_326.png,rock,textured,train,1159
data/rock/rock_744.png,rock,textured,train,1623
data/rock/rock_72.png,rock,textured,train,1596
data/rock/rock_793.png,rock,textured,train,1677
data/rock/rock_174.png,rock,textured,train,992
data/rock/rock_175.png,rock,textured,train,992
data/rock/rock_176.png,rock,textured,train,992
data/rock/rock_96.png,rock,textured,train,1810
data/rock/rock_769.png,rock,textured,train,1650
data/rock/rock_3.png,rock,textured,train,1129
data/rock/rock_327.png,rock,textured,train,1160
data/rock/rock_142.png,rock,textured,train,955
data/rock/rock_92.png,rock,textured,train,1806
data/rock/rock_8.png,rock,textured,train,1684
data/rock/rock_824.png,rock,textured,train,1712
data/rock/rock_152.png,rock,textured,train,966
data/rock/rock_182.png,rock,textured,train,999
data/rock/rock_846.png,rock,textured,train,1736
data/rock/rock_742.png,rock,textured,train,1621
data/rock/rock_333.png,rock,textured,train,1167
data/rock/rock_342.png,rock,textured,train,1177
data/rock/rock_119.png,rock,textured,train,929
data/rock/rock_728.png,rock,textured,train,1615
data/rock/rock_737.png,rock,textured,train,1615
data/rock/rock_221.png,rock,textured,train,1043
data/rock/rock_887.png,rock,textured,train,1781
data/rock/rock_898.png,rock,textured,train,1793
data/rock/rock_93.png,rock,textured,train,1807
data/rock/rock_806.png,rock,textured,train,1692
data/rock/rock_121.png,rock,textured,train,932
data/rock/rock_842.png,rock,textured,train,1732
data/rock/rock_303.png,rock,textured,train,1134
data/rock/rock_204.png,rock,textured,train,1024
data/rock/rock_217.png,rock,textured,train,1038
data/rock/rock_20.png,rock,textured,train,1019
data/rock/rock_202.png,rock,textured,train,1022
data/rock/rock_77.png,rock,textured,train,1651
data/rock/rock_91.png,rock,textured,train,1805
data/rock/rock_750.png,rock,textured,train,1630
data/rock/rock_777.png,rock,textured,train,1659
data/rock/rock_739.png,rock,textured,train,1620
data/rock/rock_740.png,rock,textured,train,1620
data/rock/rock_741.png,rock,textured,train,1620
data/rock/rock_225.png,rock,textured,train,1047
data/rock/rock_248.png,rock,textured,train,1072
data/rock/rock_134.png,rock,textured,train,946
data/rock/rock_340.png,rock,textured,train,1175
data/rock/rock_224.png,rock,textured,train,1046
data/rock/rock_338.png,rock,textured,train,1172
data/rock/rock_211.png,rock,textured,train,1032
data/rock/rock_149.png,rock,textured,train,962
data/rock/rock_51.png,rock,textured,train,1363
data/rock/rock_66.png,rock,textured,train,1529
data/rock/rock_99.png,rock,textured,train,1813
data/rock/rock_258.png,rock,textured,train,1083
data/rock/rock_902.png,rock,textured,train,1799
data/rock/rock_129.png,rock,textured,train,940
data/rock/rock_222.png,rock,textured,train,1044
data/rock/rock_274.png,rock,textured,train,1101
data/rock/rock_150.png,rock,textured,train,964
data/rock/rock_270.png,rock,textured,train,1097
data/rock/rock_825.png,rock,textured,train,1713
data/rock/rock_882.png,rock,textured,train,1777
data/rock/rock_883.png,rock,textured,train,1777
data/rock/rock_39.png,rock,textured,train,1229
data/rock/rock_791.png,rock,textured,train,1675
data/rock/rock_306.png,rock,textured,train,1137
data/rock/rock_767.png,rock,textured,train,1648
data/rock/rock_275.png,rock,textured,train,1122
data/rock/rock_289.png,rock,textured,train,1122
data/rock/rock_291.png,rock,textured,train,1122
data/rock/rock_292.png,rock,textured,train,1122
data/rock/rock_293.png,rock,textured,train,1122
data/rock/rock_718.png,rock,textured,train,1594
data/rock/rock_228.png,rock,textured,train,1050
data/rock/rock_219.png,rock,textured,train,1040
data/rock/rock_821.png,rock,textured,train,1709
data/rock/rock_330.png,rock,textured,train,1164
data/rock/rock_189.png,rock,textured,train,1006
data/rock/rock_88.png,rock,textured,train,1773
data/rock/rock_239.png,rock,textured,train,1062
data/rock/rock_260.png,rock,textured,train,1086
data/rock/rock_809.png,rock,textured,train,1695
data/rock/rock_194.png,rock,textured,train,1012
data/rock/rock_864.png,rock,textured,train,1768
data/rock/rock_875.png,rock,textured,train,1768
data/rock/rock_335.png,rock,textured,train,1169
data/rock/rock_343.png,rock,textured,train,1179
data/rock/rock_344.png,rock,textured,train,1179
data/rock/rock_848.png,rock,textured,train,1738
data/rock/rock_834.png,rock,textured,train,1724
data/rock/rock_835.png,rock,textured,train,1724
data/rock/rock_844.png,rock,textured,train,1734
data/rock/rock_847.png,rock,textured,train,1737
data/rock/rock_109.png,rock,textured,train,918
data/rock/rock_332.png,rock,textured,train,1166
data/rock/rock_40.png,rock,textured,train,1241
data/rock/rock_857.png,rock,textured,train,1754
data/rock/rock_858.png,rock,textured,train,1754
data/rock/rock_859.png,rock,textured,train,1754
data/rock/rock_860.png,rock,textured,train,1754
data/rock/rock_861.png,rock,textured,train,1754
data/rock/rock_862.png,rock,textured,train,1754
data/rock/rock_41.png,rock,textured,train,1252
data/rock/rock_31.png,rock,textured,train,1141
data/rock/rock_800.png,rock,textured,train,1686
data/rock/rock_29.png,rock,textured,train,1118
data/rock/rock_822.png,rock,textured,train,1710
data/rock/rock_172.png,rock,textured,train,988
data/rock/rock_871.png,rock,textured,train,1764
data/rock/rock_251.png,rock,textured,train,1076
data/rock/rock_249.png,rock,textured,train,1073
data/rock/rock_713.png,rock,textured,train,1589
data/rock/rock_71.png,rock,textured,train,1585
data/rock/rock_18.png,rock,textured,train,996
data/rock/rock_263.png,rock,textured,train,1089
data/rock/rock_214.png,rock,textured,train,1035
data/rock/rock_207.png,rock,textured,train,1027
data/rock/rock_276.png,rock,textured,train,1103
data/rock/rock_191.png,rock,textured,train,1009
data/rock/rock_296.png,rock,textured,train,1125
data/rock/rock_772.png,rock,textured,train,1654
data/rock/rock_764.png,rock,textured,train,1645
data/rock/rock_244.png,rock,textured,train,1068
data/rock/rock_188.png,rock,textured,train,1005
data/rock/rock_178.png,rock,textured,train,994
data/rock/rock_731.png,rock,textured,train,1609
data/rock/rock_324.png,rock,textured,train,1157
data/rock/rock_169.png,rock,textured,train,984
data/rock/rock_25.png,rock,textured,train,1074
data/rock/rock_763.png,rock,textured,train,1644
data/rock/rock_48.png,rock,textured,train,1329
data/rock/rock_816.png,rock,textured,train,1706
data/rock/rock_817.png,rock,textured,train,1706
data/rock/rock_818.png,rock,textured,train,1706
data/rock/rock_819.png,rock,textured,train,1706
data/rock/rock_830.png,rock,textured,train,1719
data/rock/rock_316.png,rock,textured,train,1148
data/rock/rock_307.png,rock,textured,train,1138
data/rock/rock_113.png,rock,textured,train,923
data/rock/rock_895.png,rock,textured,train,1790
data/rock/rock_752.png,rock,textured,train,1633
data/rock/rock_753.png,rock,textured,train,1633
data/rock/rock_773.png,rock,textured,train,1655
data/rock/rock_196.png,rock,textured,train,1014
data/rock/rock_745.png,rock,textured,train,1624
data/rock/rock_714.png,rock,textured,train,1593
data/rock/rock_715.png,rock,textured,train,1593
data/rock/rock_716.png,rock,textured,train,1593
data/rock/rock_717.png,rock,textured,train,1593
data/rock/rock_61.png,rock,textured,train,1485
data/rock/rock_62.png,rock,textured,train,1485
data/rock/rock_4.png,rock,textured,train,1240
data/rock/rock_42.png,rock,textured,train,1263
data/rock/rock_813.png,rock,textured,train,1700
data/rock/rock_151.png,rock,textured,train,965
data/rock/rock_884.png,rock,textured,train,1779
data/rock/rock_885.png,rock,textured,train,1779
data/rock/rock_317.png,rock,textured,train,1155
data/rock/rock_322.png,rock,textured,train,1155
data/rock/rock_14.png,rock,textured,train,963
data/rock/rock_15.png,rock,textured,train,963
data/rock/rock_84.png,rock,textured,train,1729
data/rock/rock_285.png,rock,textured,train,1113
data/rock/rock_1.png,rock,textured,train,907
data/rock/rock_89.png,rock,textured,train,1784
data/rock/rock_720.png,rock,textured,train,1599
data/rock/rock_721.png,rock,textured,train,1599
data/rock/rock_722.png,rock,textured,train,1599
data/rock/rock_44.png,rock,textured,train,1285
data/rock/rock_761.png,rock,textured,train,1642
data/rock/rock_891.png,rock,textured,train,1786
data/rock/rock_161.png,rock,textured,train,976
data/rock/rock_256.png,rock,textured,train,1081
data/rock/rock_850.png,rock,textured,train,1747
data/rock/rock_851.png,rock,textured,train,1747
data/rock/rock_852.png,rock,textured,train,1747
data/rock/rock_854.png,rock,textured,train,1747
data/rock/rock_855.png,rock,textured,train,1747
data/rock/rock_856.png,rock,textured,train,1747
data/rock/rock_160.png,rock,textured,train,975
data/rock/rock_26.png,rock,textured,train,1085
data/rock/rock_137.png,rock,textured,train,982
data/rock/rock_138.png,rock,textured,train,982
data/rock/rock_139.png,rock,textured,train,982
data/rock/rock_165.png,rock,textured,train,982
data/rock/rock_166.png,rock,textured,train,982
data/rock/rock_167.png,rock,textured,train,982
data/rock/rock_173.png,rock,textured,train,989
data/rock/rock_896.png,rock,textured,train,1797
data/rock/rock_899.png,rock,textured,train,1797
data/rock/rock_900.png,rock,textured,train,1797
data/rock/rock_111.png,rock,textured,train,921
data/rock/rock_104.png,rock,textured,train,913
data/rock/rock_267.png,rock,textured,train,1093
data/rock/rock_78.png,rock,textured,train,1662
data/rock/rock_94.png,rock,textured,train,1808
data/rock/rock_765.png,rock,textured,train,1646
data/rock/rock_749.png,rock,textured,train,1628
data/rock/rock_321.png,rock,textured,train,1154
data/rock/rock_59.png,rock,textured,train,1451
data/rock/rock_155.png,rock,textured,train,969
data/rock/rock_74.png,rock,textured,train,1618
data/rock/rock_63.png,rock,textured,train,1496
data/rock/rock_115.png,rock,textured,train,925
data/rock/rock_205.png,rock,textured,train,1025
data/rock/rock_735.png,rock,textured,train,1613
data/rock/rock_723.png,rock,textured,train,1600
data/rock/rock_302.png,rock,textured,train,1133
data/rock/rock_294.png,rock,textured,train,1123
data/rock/rock_54.png,rock,textured,train,1396
data/rock/rock_890.png,rock,textured,train,1785
data/rock/rock_328.png,rock,textured,train,1161
data/rock/rock_30.png,rock,textured,train,1130
data/rock/rock_227.png,rock,textured,train,1049
data/rock/rock_163.png,rock,textured,train,978
data/rock/rock_724.png,rock,textured,train,1601
data/rock/rock_774.png,rock,textured,train,1656
data/rock/rock_107.png,rock,textured,train,916
data/rock/rock_184.png,rock,textured,train,1001
data/rock/rock_868.png,rock,textured,train,1760
data/rock/rock_272.png,rock,textured,train,1099
data/rock/rock_808.png,rock,textured,train,1694
data/rock/rock_881.png,rock,textured,train,1775
data/rock/rock_73.png,rock,textured,train,1607
data/rock/rock_22.png,rock,textured,train,1041
data/rock/rock_145.png,rock,textured,train,958
data/rock/rock_97.png,rock,textured,train,1811
data/rock/rock_319.png,rock,textured,train,1151
data/rock/rock_812.png,rock,textured,train,1699
data/rock/rock_220.png,rock,textured,train,1042
data/rock/rock_253.png,rock,textured,train,1078
data/rock/rock_297.png,rock,textured,train,1126
data/rock/rock_308.png,rock,textured,train,1139
data/rock/rock_286.png,rock,textured,train,1114
data/rock/rock_719.png,rock,textured,train,1595
data/rock/rock_766.png,rock,textured,train,1647
data/rock/rock_213.png,rock,textured,train,1034
data/rock/rock_140.png,rock,textured,train,953
data/rock/rock_838.png,rock,textured,train,1727
data/rock/rock_171.png,rock,textured,train,987
data/rock/rock_126.png,rock,textured,train,937
data/rock/rock_336.png,rock,textured,train,1170
data/rock/rock_241.png,rock,textured,train,1065
data/rock/rock_339.png,rock,textured,train,1173
data/rock/rock_108.png,rock,textured,train,917
data/rock/rock_757.png,rock,textured,train,1637
data/rock/rock_832.png,rock,textured,train,1721
data/rock/rock_133.png,rock,textured,train,945
data/rock/rock_218.png,rock,textured,train,1039
data/rock/rock_83.png,rock,textured,train,1718
data/rock/rock_888.png,rock,textured,train,1782
data/rock/rock_298.png,rock,textured,train,1127
data/rock/rock_792.png,rock,textured,train,1676
data/rock/rock_711.png,rock,textured,train,1588
data/rock/rock_712.png,rock,textured,train,1588
data/rock/rock_840.png,rock,textured,train,1733
data/rock/rock_841.png,rock,textured,train,1733
data/rock/rock_843.png,rock,textured,train,1733
data/rock/rock_116.png,rock,textured,train,926
data/rock/rock_280.png,rock,textured,train,1108
data/rock/rock_164.png,rock,textured,train,979
data/rock/rock_271.png,rock,textured,train,1098
data/rock/rock_197.png,rock,textured,train,1015
data/rock/rock_259.png,rock,textured,train,1084
data/rock/rock_839.png,rock,textured,val,1728
data/rock/rock_736.png,rock,textured,test,1614
data/rock/rock_105.png,rock,textured,train,914
data/rock/rock_831.png,rock,textured,val,1720
data/rock/rock_170.png,rock,textured,test,986
data/rock/rock_53.png,rock,textured,train,1385
data/rock/rock_130.png,rock,textured,val,973
data/rock/rock_159.png,rock,textured,val,973
data/rock/rock_209.png,rock,textured,test,1029
data/rock/rock_278.png,rock,textured,train,1105
data/rock/rock_805.png,rock,textured,test,1691
data/rock/rock_743.png,rock,textured,train,1622
data/rock/rock_264.png,rock,textured,val,1090
data/rock/rock_60.png,rock,textured,test,1463
data/rock/rock_55.png,rock,textured,train,1407
data/rock/rock_810.png,rock,textured,val,1697
data/rock/rock_287.png,rock,textured,test,1115
data/rock/rock_208.png,rock,textured,train,1028
data/rock/rock_893.png,rock,textured,val,1788
data/rock/rock_136.png,rock,textured,test,948
data/rock/rock_252.png,rock,textured,train,1077
data/rock/rock_726.png,rock,textured,val,1603
data/rock/rock_102.png,rock,textured,test,911
data/rock/rock_768.png,rock,textured,train,1649
data/rock/rock_754.png,rock,textured,val,1636
data/rock/rock_755.png,rock,textured,val,1636
data/rock/rock_756.png,rock,textured,val,1636
data/rock/rock_815.png,rock,textured,test,1702
data/rock/rock_873.png,rock,textured,train,1767
data/rock/rock_874.png,rock,textured,train,1767
data/rock/rock_849.png,rock,textured,test,1739
data/rock/rock_229.png,rock,textured,test,1051
data/rock/rock_185.png,rock,textured,train,1002
data/rock/rock_863.png,rock,textured,val,1758
data/rock/rock_865.png,rock,textured,val,1758
data/rock/rock_866.png,rock,textured,val,1758
data/rock/rock_867.png,rock,textured,val,1758
data/rock/rock_5.png,rock,textured,test,1351
data/rock/rock_17.png,rock,textured,train,985
data/rock/rock_853.png,rock,textured,test,1744
data/rock/rock_730.png,rock,textured,train,1608
data/rock/rock_56.png,rock,textured,test,1418
data/rock/rock_247.png,rock,textured,train,1071
data/rock/rock_198.png,rock,textured,test,1016
data/rock/rock_254.png,rock,textured,train,1079
data/rock/rock_67.png,rock,textured,val,1540
data/rock/rock_305.png,rock,textured,test,1136
data/rock/rock_870.png,rock,textured,train,1763
data/rock/rock_216.png,rock,textured,val,1037
data/rock/rock_80.png,rock,textured,test,1685
data/rock/rock_331.png,rock,textured,train,1165
data/rock/rock_282.png,rock,textured,val,1110
data/rock/rock_794.png,rock,textured,test,1678
data/rock/rock_826.png,rock,textured,train,1714
data/rock/rock_180.png,rock,textured,val,1018
data/rock/rock_2.png,rock,textured,val,1018
data/rock/rock_304.png,rock,textured,test,1135
data/rock/rock_117.png,rock,textured,train,927
data/rock/rock_877.png,rock,textured,test,1770
data/rock/rock_273.png,rock,textured,train,1100
data/rock/rock_120.png,rock,textured,val,931
data/rock/rock_156.png,rock,textured,test,970
data/rock/rock_183.png,rock,textured,train,1000
data/rock/rock_770.png,rock,textured,val,1652
data/rock/rock_210.png,rock,textured,test,1031
data/rock/rock_226.png,rock,textured,train,1048
data/rock/rock_299.png,rock,textured,val,1128
data/rock/rock_230.png,rock,textured,test,1053
data/rock/rock_261.png,rock,textured,train,1087
data/rock/rock_795.png,rock,textured,val,1679
data/rock/rock_128.png,rock,textured,test,939
data/rock/rock_804.png,rock,textured,train,1690
data/rock/rock_780.png,rock,textured,val,1663
data/rock/rock_255.png,rock,textured,test,1080
data/rock/rock_32.png,rock,textured,train,1152
data/rock/rock_110.png,rock,textured,val,920
data/rock/rock_76.png,rock,textured,test,1640
data/rock/rock_266.png,rock,textured,train,1092
data/rock/rock_751.png,rock,textured,val,1631
data/rock/rock_811.png,rock,textured,test,1698
data/rock/rock_904.png,rock,textured,train,1804
data/rock/rock_905.png,rock,textured,train,1804
data/rock/rock_906.png,rock,textured,train,1804
data/rock/rock_907.png,rock,textured,train,1804
data/rock/rock_798.png,rock,textured,val,1682
data/rock/rock_236.png,rock,textured,test,1059
data/rock/rock_162.png,rock,textured,val,977
data/rock/rock_58.png,rock,textured,test,1440
data/rock/rock_903.png,rock,textured,val,1800
data/rock/rock_215.png,rock,textured,test,1036
data/rock/rock_27.png,rock,textured,val,1096
data/rock/rock_872.png,rock,textured,test,1765
data/rock/rock_243.png,rock,textured,train,1067
data/rock/rock_337.png,rock,textured,val,1171
data/rock/rock_82.png,rock,textured,test,1707
data/rock/rock_760.png,rock,textured,train,1641
data/rock/rock_295.png,rock,textured,val,1124
data/rock/rock_37.png,rock,textured,test,1207
data/rock/rock_143.png,rock,textured,train,956
data/rock/rock_193.png,rock,textured,val,1013
data/rock/rock_195.png,rock,textured,val,1013
data/rock/rock_734.png,rock,textured,test,1612
data/rock/rock_828.png,rock,textured,train,1717
data/rock/rock_829.png,rock,textured,train,1717
data/rock/rock_49.png,rock,textured,test,1340
data/rock/rock_103.png,rock,textured,val,912
data/rock/rock_784.png,rock,textured,test,1672
data/rock/rock_785.png,rock,textured,test,1672
data/rock/rock_786.png,rock,textured,test,1672
data/rock/rock_787.png,rock,textured,test,1672
data/rock/rock_789.png,rock,textured,test,1672
data/rock/rock_45.png,rock,textured,train,1296
data/rock/rock_245.png,rock,textured,val,1069
data/rock/rock_790.png,rock,textured,train,1674
data/rock/rock_47.png,rock,textured,val,1318
data/rock/rock_231.png,rock,textured,train,1054
data/rock/rock_98.png,rock,textured,val,1812
data/rock/rock_758.png,rock,textured,train,1639
data/rock/rock_759.png,rock,textured,train,1639
data/rock/rock_65.png,rock,textured,val,1518
data/rock/rock_238.png,rock,textured,val,1061
data/rock/rock_776.png,rock,textured,test,1658
data/rock/rock_892.png,rock,textured,train,1787
data/rock/rock_771.png,rock,textured,val,1653
data/rock/rock_147.png,rock,textured,test,960
data/rock/rock_203.png,rock,textured,train,1023
data/rock/rock_200.png,rock,textured,val,1020
data/rock/rock_206.png,rock,textured,test,1026
data/rock/rock_746.png,rock,textured,train,1625
data/rock/rock_9.png,rock,textured,val,1795
data/rock/rock_727.png,rock,textured,test,1604
data/rock/rock_240.png,rock,textured,train,1064
data/rock/rock_187.png,rock,textured,val,1004
data/rock/rock_34.png,rock,textured,test,1174
data/rock/rock_309.png,rock,textured,train,1140
data/rock/rock_300.png,rock,textured,val,1131
data/rock/rock_265.png,rock,textured,test,1091
data/rock/rock_131.png,rock,textured,train,944
data/rock/rock_132.png,rock,textured,train,944
data/rock/rock_281.png,rock,textured,val,1109
data/rock/rock_125.png,rock,textured,test,938
data/rock/rock_127.png,rock,textured,test,938
data/rock/rock_114.png,rock,textured,val,924
data/rock/rock_269.png,rock,textured,train,1095
data/rock/rock_199.png,rock,textured,val,1017
data/rock/rock_38.png,rock,textured,test,1218
data/rock/rock_876.png,rock,textured,train,1769
data/rock/rock_782.png,rock,textured,val,1666
data/rock/rock_783.png,rock,textured,val,1666
data/rock/rock_158.png,rock,textured,test,972
data/rock/rock_341.png,rock,textured,train,1176
data/rock/rock_153.png,rock,textured,test,967
data/rock/rock_23.png,rock,textured,train,1052
data/rock/rock_262.png,rock,textured,val,1088
data/rock/rock_814.png,rock,textured,test,1701
data/rock/rock_781.png,rock,textured,train,1664
data/rock/rock_233.png,rock,textured,val,1056
data/rock/rock_141.png,rock,textured,test,954
data/rock/rock_775.png,rock,textured,train,1657
data/rock/rock_886.png,rock,textured,val,1780
data/rock/rock_732.png,rock,textured,test,1610
data/rock/rock_6.png,rock,textured,train,1462
data/rock/rock_833.png,rock,textured,val,1722
data/rock/rock_779.png,rock,textured,test,1671
data/rock/rock_788.png,rock,textured,test,1671
data/rock/rock_897.png,rock,textured,train,1792
data/rock/rock_311.png,rock,textured,val,1143
data/rock/rock_729.png,rock,textured,train,1606
data/rock/rock_81.png,rock,textured,val,1696
data/rock/rock_283.png,rock,textured,test,1111
data/rock/rock_148.png,rock,textured,train,961
data/rock/rock_796.png,rock,textured,val,1680
data/rock/rock_320.png,rock,textured,test,1153
data/rock/rock_820.png,rock,textured,train,1708
data/rock/rock_778.png,rock,textured,val,1660
data/rock/rock_288.png,rock,textured,test,1116
data/rock/rock_250.png,rock,textured,train,1075
data/rock/rock_50.png,rock,textured,val,1352
data/rock/rock_144.png,rock,textured,test,957
data/rock/rock_192.png,rock,textured,train,1010
data/rock/rock_799.png,rock,textured,val,1683
data/rock/rock_329.png,rock,textured,test,1162
data/rock/rock_186.png,rock,textured,train,1003
data/rock/rock_836.png,rock,textured,val,1726
data/rock/rock_837.png,rock,textured,val,1726
data/rock/rock_106.png,rock,textured,test,915
data/rock/rock_95.png,rock,textured,train,1809
data/rock/rock_725.png,rock,textured,test,1602
data/rock/rock_901.png,rock,textured,train,1798
data/rock/rock_36.png,rock,textured,val,1196
data/rock/rock_16.png,rock,textured,test,974
data/rock/rock_284.png,rock,textured,train,1112
data/rock/rock_762.png,rock,textured,val,1643
data/rock/rock_69.png,rock,textured,test,1574
data/rock/rock_70.png,rock,textured,test,1574
data/rock/rock_177.png,rock,textured,train,993
data/rock/rock_118.png,rock,textured,val,928
data/rock/rock_64.png,rock,textured,train,1507
data/rock/rock_19.png,rock,textured,val,1007
data/rock/rock_797.png,rock,textured,test,1693
data/rock/rock_807.png,rock,textured,test,1693
data/rock/rock_889.png,rock,textured,train,1783
data/rock/rock_801.png,rock,textured,val,1689
data/rock/rock_802.png,rock,textured,val,1689
data/rock/rock_803.png,rock,textured,val,1689
data/rock/rock_315.png,rock,textured,train,1147
data/rock/rock_313.png,rock,textured,test,1145
data/rock/rock_827.png,rock,textured,train,1715
data/rock/rock_52.png,rock,textured,test,1374
data/rock/rock_85.png,rock,textured,train,1740
data/rock/rock_277.png,rock,textured,val,1104
data/rock/rock_122.png,rock,textured,test,933
data/rock/rock_33.png,rock,textured,train,1163
data/rock/rock_878.png,rock,textured,val,1774
data/rock/rock_879.png,rock,textured,val,1774
data/rock/rock_880.png,rock,textured,val,1774
data/rock/rock_232.png,rock,textured,test,1055
data/rock/rock_314.png,rock,textured,train,1146
data/rock/rock_75.png,rock,textured,test,1629
data/rock/rock_237.png,rock,textured,train,1060
data/rock/rock_823.png,rock,textured,test,1711
data/rock/rock_21.png,rock,textured,train,1030
data/rock/rock_28.png,rock,textured,val,1107
data/rock/rock_43.png,rock,textured,test,1274
data/rock/rock_310.png,rock,textured,train,1142
data/rock/rock_733.png,rock,textured,val,1611
data/rock/rock_87.png,rock,textured,test,1762
data/rock/rock_738.png,rock,textured,train,1616
data/scissors/scissors_351.png,scissors,smooth,train,2094
data/scissors/scissors_422.png,scissors,smooth,train,2173
data/scissors/scissors_507.png,scissors,smooth,train,2267
data/scissors/scissors_349.png,scissors,smooth,train,2091
data/scissors/scissors_557.png,scissors,smooth,train,2322
data/scissors/scissors_146.png,scissors,smooth,train,1866
data/scissors/scissors_634.png,scissors,smooth,train,2408
data/scissors/scissors_402.png,scissors,smooth,train,2151
data/scissors/scissors_112.png,scissors,smooth,train,1829
data/scissors/scissors_468.png,scissors,smooth,train,2223
data/scissors/scissors_575.png,scissors,smooth,train,2342
data/scissors/scissors_696.png,scissors,smooth,train,2476
data/scissors/scissors_662.png,scissors,smooth,train,2439
data/scissors/scissors_443.png,scissors,smooth,train,2196
data/scissors/scissors_552.png,scissors,smooth,train,2317
data/scissors/scissors_359.png,scissors,smooth,train,2102
data/scissors/scissors_665.png,scissors,smooth,train,2442
data/scissors/scissors_429.png,scissors,smooth,train,2180
data/scissors/scissors_559.png,scissors,smooth,train,2324
data/scissors/scissors_393.png,scissors,smooth,train,2140
data/scissors/scissors_553.png,scissors,smooth,train,2318
data/scissors/scissors_693.png,scissors,smooth,train,2473
data/scissors/scissors_427.png,scissors,smooth,train,2178
data/scissors/scissors_556.png,scissors,smooth,train,2321
data/scissors/scissors_431.png,scissors,smooth,train,2183
data/scissors/scissors_510.png,scissors,smooth,train,2271
data/scissors/scissors_624.png,scissors,smooth,train,2397
data/scissors/scissors_366.png,scissors,smooth,train,2110
data/scissors/scissors_101.png,scissors,smooth,train,1817
data/scissors/scissors_400.png,scissors,smooth,train,2149
data/scissors/scissors_179.png,scissors,smooth,train,1902
data/scissors/scissors_425.png,scissors,smooth,train,2176
data/scissors/scissors_675.png,scissors,smooth,train,2453
data/scissors/scissors_620.png,scissors,smooth,train,2393
data/scissors/scissors_580.png,scissors,smooth,train,2348
data/scissors/scissors_655.png,scissors,smooth,train,2431
data/scissors/scissors_654.png,scissors,smooth,train,2430
data/scissors/scissors_633.png,scissors,smooth,train,2407
data/scissors/scissors_581.png,scissors,smooth,train,2349
data/scissors/scissors_11.png,scissors,smooth,train,1826
data/scissors/scissors_279.png,scissors,smooth,train,2013
data/scissors/scissors_421.png,scissors,smooth,train,2172
data/scissors/scissors_625.png,scissors,smooth,train,2398
data/scissors/scissors_368.png,scissors,smooth,train,2112
data/scissors/scissors_345.png,scissors,smooth,train,2087
data/scissors/scissors_517.png,scissors,smooth,train,2278
data/scissors/scissors_538.png,scissors,smooth,train,2301
data/scissors/scissors_445.png,scissors,smooth,train,2198
data/scissors/scissors_576.png,scissors,smooth,train,2343
data/scissors/scissors_590.png,scissors,smooth,train,2359
data/scissors/scissors_389.png,scissors,smooth,train,2135
data/scissors/scissors_410.png,scissors,smooth,train,2160
data/scissors/scissors_533.png,scissors,smooth,train,2296
data/scissors/scissors_135.png,scissors,smooth,train,1854
data/scissors/scissors_551.png,scissors,smooth,train,2316
data/scissors/scissors_447.png,scissors,smooth,train,2200
data/scissors/scissors_568.png,scissors,smooth,train,2334
data/scissors/scissors_492.png,scissors,smooth,train,2250
data/scissors/scissors_701.png,scissors,smooth,train,2483
data/scissors/scissors_417.png,scissors,smooth,train,2167
data/scissors/scissors_372.png,scissors,smooth,train,2117
data/scissors/scissors_547.png,scissors,smooth,train,2311
data/scissors/scissors_678.png,scissors,smooth,train,2456
data/scissors/scissors_13.png,scissors,smooth,train,1848
data/scissors/scissors_457.png,scissors,smooth,train,2211
data/scissors/scissors_684.png,scissors,smooth,train,2463
data/scissors/scissors_679.png,scissors,smooth,train,2457
data/scissors/scissors_541.png,scissors,smooth,train,2305
data/scissors/scissors_370.png,scissors,smooth,train,2115
data/scissors/scissors_436.png,scissors,smooth,train,2188
data/scissors/scissors_611.png,scissors,smooth,train,2383
data/scissors/scissors_500.png,scissors,smooth,train,2261
data/scissors/scissors_501.png,scissors,smooth,train,2261
data/scissors/scissors_663.png,scissors,smooth,train,2440
data/scissors/scissors_376.png,scissors,smooth,train,2121
data/scissors/scissors_664.png,scissors,smooth,train,2441
data/scissors/scissors_539.png,scissors,smooth,train,2302
data/scissors/scissors_364.png,scissors,smooth,train,2108
data/scissors/scissors_442.png,scissors,smooth,train,2195
data/scissors/scissors_377.png,scissors,smooth,train,2122
data/scissors/scissors_699.png,scissors,smooth,train,2479
data/scissors/scissors_582.png,scissors,smooth,train,2350
data/scissors/scissors_385.png,scissors,smooth,train,2131
data/scissors/scissors_347.png,scissors,smooth,train,2089
data/scissors/scissors_374.png,scissors,smooth,train,2119
data/scissors/scissors_694.png,scissors,smooth,train,2474
data/scissors/scissors_397.png,scissors,smooth,train,2144
data/scissors/scissors_495.png,scissors,smooth,train,2253
data/scissors/scissors_348.png,scissors,smooth,train,2090
data/scissors/scissors_692.png,scissors,smooth,train,2472
data/scissors/scissors_504.png,scissors,smooth,train,2264
data/scissors/scissors_578.png,scissors,smooth,train,2345
data/scissors/scissors_124.png,scissors,smooth,train,1842
data/scissors/scissors_656.png,scissors,smooth,train,2432
data/scissors/scissors_488.png,scissors,smooth,train,2245
data/scissors/scissors_561.png,scissors,smooth,train,2328
data/scissors/scissors_562.png,scissors,smooth,train,2328
data/scissors/scissors_423.png,scissors,smooth,train,2174
data/scissors/scissors_407.png,scissors,smooth,train,2156
data/scissors/scissors_455.png,scissors,smooth,train,2209
data/scissors/scissors_466.png,scissors,smooth,train,2221
data/scissors/scissors_439.png,scissors,smooth,train,2191
data/scissors/scissors_508.png,scissors,smooth,train,2269
data/scissors/scissors_509.png,scissors,smooth,train,2269
data/scissors/scissors_395.png,scissors,smooth,train,2142
data/scissors/scissors_57.png,scissors,smooth,train,2336
data/scissors/scissors_658.png,scissors,smooth,train,2435
data/scissors/scissors_659.png,scissors,smooth,train,2435
data/scissors/scissors_588.png,scissors,smooth,train,2356
data/scissors/scissors_564.png,scissors,smooth,train,2330
data/scissors/scissors_458.png,scissors,smooth,train,2212
data/scissors/scissors_451.png,scissors,smooth,train,2205
data/scissors/scissors_384.png,scissors,smooth,train,2130
data/scissors/scissors_527.png,scissors,smooth,train,2289
data/scissors/scissors_426.png,scissors,smooth,train,2177
data/scissors/scissors_386.png,scissors,smooth,train,2132
data/scissors/scissors_597.png,scissors,smooth,train,2366
data/scissors/scissors_469.png,scissors,smooth,train,2224
data/scissors/scissors_190.png,scissors,smooth,train,1915
data/scissors/scissors_462.png,scissors,smooth,train,2217
data/scissors/scissors_456.png,scissors,smooth,train,2210
data/scissors/scissors_646.png,scissors,smooth,train,2422
data/scissors/scissors_647.png,scissors,smooth,train,2422
data/scissors/scissors_529.png,scissors,smooth,train,2291
data/scissors/scissors_652.png,scissors,smooth,train,2428
data/scissors/scissors_666.png,scissors,smooth,train,2443
data/scissors/scissors_645.png,scissors,smooth,train,2420
data/scissors/scissors_601.png,scissors,smooth,train,2372
data/scissors/scissors_379.png,scissors,smooth,train,2124
data/scissors/scissors_520.png,scissors,smooth,train,2282
data/scissors/scissors_505.png,scissors,smooth,train,2265
data/scissors/scissors_683.png,scissors,smooth,train,2462
data/scissors/scissors_598.png,scissors,smooth,train,2367
data/scissors/scissors_697.png,scissors,smooth,train,2477
data/scissors/scissors_46.png,scissors,smooth,train,2214
data/scissors/scissors_452.png,scissors,smooth,train,2206
data/scissors/scissors_123.png,scissors,smooth,train,1841
data/scissors/scissors_707.png,scissors,smooth,train,2489
data/scissors/scissors_638.png,scissors,smooth,train,2412
data/scissors/scissors_641.png,scissors,smooth,train,2416
data/scissors/scissors_522.png,scissors,smooth,train,2284
data/scissors/scissors_489.png,scissors,smooth,train,2246
data/scissors/scissors_35.png,scissors,smooth,train,2137
data/scissors/scissors_390.png,scissors,smooth,train,2137
data/scissors/scissors_474.png,scissors,smooth,train,2230
data/scissors/scissors_416.png,scissors,smooth,train,2166
data/scissors/scissors_554.png,scissors,smooth,train,2319
data/scissors/scissors_497.png,scissors,smooth,train,2255
data/scissors/scissors_350.png,scissors,smooth,train,2093
data/scissors/scissors_420.png,scissors,smooth,train,2171
data/scissors/scissors_532.png,scissors,smooth,train,2295
data/scissors/scissors_628.png,scissors,smooth,train,2404
data/scissors/scissors_629.png,scissors,smooth,train,2404
data/scissors/scissors_630.png,scissors,smooth,train,2404
data/scissors/scissors_619.png,scissors,smooth,train,2391
data/scissors/scissors_257.png,scissors,smooth,train,1989
data/scissors/scissors_521.png,scissors,smooth,train,2283
data/scissors/scissors_503.png,scissors,smooth,train,2263
data/scissors/scissors_381.png,scissors,smooth,train,2127
data/scissors/scissors_482.png,scissors,smooth,train,2239
data/scissors/scissors_518.png,scissors,smooth,train,2279
data/scissors/scissors_461.png,scissors,smooth,train,2216
data/scissors/scissors_301.png,scissors,smooth,train,2039
data/scissors/scissors_403.png,scissors,smooth,train,2152
data/scissors/scissors_234.png,scissors,smooth,train,1964
data/scissors/scissors_404.png,scissors,smooth,train,2153
data/scissors/scissors_201.png,scissors,smooth,train,1928
data/scissors/scissors_472.png,scissors,smooth,train,2228
data/scissors/scissors_587.png,scissors,smooth,train,2355
data/scissors/scissors_643.png,scissors,smooth,train,2418
data/scissors/scissors_583.png,scissors,smooth,train,2351
data/scissors/scissors_700.png,scissors,smooth,train,2482
data/scissors/scissors_415.png,scissors,smooth,train,2165
data/scissors/scissors_413.png,scissors,smooth,train,2163
data/scissors/scissors_593.png,scissors,smooth,train,2362
data/scissors/scissors_475.png,scissors,smooth,train,2231
data/scissors/scissors_453.png,scissors,smooth,train,2207
data/scissors/scissors_454.png,scissors,smooth,train,2208
data/scissors/scissors_491.png,scissors,smooth,train,2249
data/scissors/scissors_545.png,scissors,smooth,train,2309
data/scissors/scissors_380.png,scissors,smooth,train,2126
data/scissors/scissors_513.png,scissors,smooth,train,2274
data/scissors/scissors_574.png,scissors,smooth,train,2341
data/scissors/scissors_523.png,scissors,smooth,train,2286
data/scissors/scissors_524.png,scissors,smooth,train,2286
data/scissors/scissors_566.png,scissors,smooth,train,2332
data/scissors/scissors_617.png,scissors,smooth,train,2389
data/scissors/scissors_603.png,scissors,smooth,train,2374
data/scissors/scissors_682.png,scissors,smooth,train,2461
data/scissors/scissors_512.png,scissors,smooth,train,2273
data/scissors/scissors_698.png,scissors,smooth,train,2478
data/scissors/scissors_596.png,scissors,smooth,train,2365
data/scissors/scissors_448.png,scissors,smooth,train,2201
data/scissors/scissors_441.png,scissors,smooth,train,2194
data/scissors/scissors_573.png,scissors,smooth,train,2340
data/scissors/scissors_550.png,scissors,smooth,train,2315
data/scissors/scissors_365.png,scissors,smooth,train,2109
data/scissors/scissors_604.png,scissors,smooth,train,2375
data/scissors/scissors_465.png,scissors,smooth,train,2220
data/scissors/scissors_606.png,scissors,smooth,train,2377
data/scissors/scissors_605.png,scissors,smooth,train,2376
data/scissors/scissors_688.png,scissors,smooth,train,2467
data/scissors/scissors_460.png,scissors,smooth,train,2215
data/scissors/scissors_602.png,scissors,smooth,train,2373
data/scissors/scissors_531.png,scissors,smooth,train,2294
data/scissors/scissors_418.png,scissors,smooth,train,2168
data/scissors/scissors_534.png,scissors,smooth,train,2297
data/scissors/scissors_471.png,scissors,smooth,train,2227
data/scissors/scissors_651.png,scissors,smooth,train,2427
data/scissors/scissors_650.png,scissors,smooth,train,2426
data/scissors/scissors_485.png,scissors,smooth,train,2242
data/scissors/scissors_569.png,scissors,smooth,train,2335
data/scissors/scissors_706.png,scissors,smooth,train,2488
data/scissors/scissors_414.png,scissors,smooth,train,2164
data/scissors/scissors_621.png,scissors,smooth,train,2394
data/scissors/scissors_615.png,scissors,smooth,train,2387
data/scissors/scissors_435.png,scissors,smooth,train,2187
data/scissors/scissors_563.png,scissors,smooth,train,2329
data/scissors/scissors_681.png,scissors,smooth,train,2460
data/scissors/scissors_24.png,scissors,smooth,train,1970
data/scissors/scissors_449.png,scissors,smooth,val,2202
data/scissors/scissors_409.png,scissors,smooth,test,2158
data/scissors/scissors_212.png,scissors,smooth,train,1940
data/scissors/scissors_470.png,scissors,smooth,val,2226
data/scissors/scissors_639.png,scissors,smooth,test,2415
data/scissors/scissors_640.png,scissors,smooth,test,2415
data/scissors/scissors_618.png,scissors,smooth,train,2390
data/scissors/scissors_396.png,scissors,smooth,val,2143
data/scissors/scissors_480.png,scissors,smooth,train,2237
data/scissors/scissors_589.png,scissors,smooth,val,2357
data/scissors/scissors_622.png,scissors,smooth,test,2396
data/scissors/scissors_623.png,scissors,smooth,test,2396
data/scissors/scissors_235.png,scissors,smooth,train,1965
data/scissors/scissors_649.png,scissors,smooth,val,2424
data/scissors/scissors_355.png,scissors,smooth,train,2098
data/scissors/scissors_680.png,scissors,smooth,val,2459
data/scissors/scissors_565.png,scissors,smooth,test,2331
data/scissors/scissors_544.png,scissors,smooth,train,2308
data/scissors/scissors_401.png,scissors,smooth,train,2150
data/scissors/scissors_687.png,scissors,smooth,val,2466
data/scissors/scissors_481.png,scissors,smooth,test,2238
data/scissors/scissors_483.png,scissors,smooth,val,2241
data/scissors/scissors_484.png,scissors,smooth,val,2241
data/scissors/scissors_560.png,scissors,smooth,test,2326
data/scissors/scissors_548.png,scissors,smooth,train,2312
data/scissors/scissors_691.png,scissors,smooth,train,2471
data/scissors/scissors_434.png,scissors,smooth,test,2186
data/scissors/scissors_608.png,scissors,smooth,val,2379
data/scissors/scissors_570.png,scissors,smooth,test,2337
data/scissors/scissors_463.png,scissors,smooth,train,2218
data/scissors/scissors_515.png,scissors,smooth,train,2276
data/scissors/scissors_438.png,scissors,smooth,val,2190
data/scissors/scissors_446.png,scissors,smooth,test,2199
data/scissors/scissors_704.png,scissors,smooth,val,2487
data/scissors/scissors_705.png,scissors,smooth,val,2487
data/scissors/scissors_519.png,scissors,smooth,test,2280
data/scissors/scissors_567.png,scissors,smooth,train,2333
data/scissors/scissors_600.png,scissors,smooth,train,2371
data/scissors/scissors_246.png,scissors,smooth,test,1977
data/scissors/scissors_635.png,scissors,smooth,val,2410
data/scissors/scissors_636.png,scissors,smooth,val,2410
data/scissors/scissors_669.png,scissors,smooth,test,2449
data/scissors/scissors_670.png,scissors,smooth,test,2449
data/scissors/scissors_671.png,scissors,smooth,test,2449
data/scissors/scissors_626.png,scissors,smooth,train,2399
data/scissors/scissors_586.png,scissors,smooth,train,2354
data/scissors/scissors_642.png,scissors,smooth,val,2417
data/scissors/scissors_361.png,scissors,smooth,train,2105
data/scissors/scissors_367.png,scissors,smooth,train,2111
data/scissors/scissors_382.png,scissors,smooth,val,2128
data/scissors/scissors_354.png,scissors,smooth,test,2097
data/scissors/scissors_369.png,scissors,smooth,val,2113
data/scissors/scissors_440.png,scissors,smooth,test,2193
data/scissors/scissors_394.png,scissors,smooth,train,2141
data/scissors/scissors_709.png,scissors,smooth,val,2491
data/scissors/scissors_498.png,scissors,smooth,test,2256
data/scissors/scissors_419.png,scissors,smooth,train,2169
data/scissors/scissors_607.png,scissors,smooth,val,2378
data/scissors/scissors_584.png,scissors,smooth,test,2352
data/scissors/scissors_685.png,scissors,smooth,train,2464
data/scissors/scissors_405.png,scissors,smooth,val,2154
data/scissors/scissors_490.png,scissors,smooth,test,2248
data/scissors/scissors_433.png,scissors,smooth,train,2185
data/scissors/scissors_710.png,scissors,smooth,val,2493
data/scissors/scissors_79.png,scissors,smooth,test,2580
data/scissors/scissors_648.png,scissors,smooth,train,2423
data/scissors/scissors_357.png,scissors,smooth,val,2100
data/scissors/scissors_591.png,scissors,smooth,test,2360
data/scissors/scissors_702.png,scissors,smooth,train,2484
data/scissors/scissors_599.png,scissors,smooth,val,2368
data/scissors/scissors_444.png,scissors,smooth,test,2197
data/scissors/scissors_371.png,scissors,smooth,train,2116
data/scissors/scissors_616.png,scissors,smooth,val,2388
data/scissors/scissors_362.png,scissors,smooth,test,2106
data/scissors/scissors_506.png,scissors,smooth,train,2266
data/scissors/scissors_614.png,scissors,smooth,val,2386
data/scissors/scissors_406.png,scissors,smooth,test,2155
data/scissors/scissors_686.png,scissors,smooth,train,2465
data/scissors/scissors_168.png,scissors,smooth,val,1890
data/scissors/scissors_610.png,scissors,smooth,test,2382
data/scissors/scissors_660.png,scissors,smooth,train,2438
data/scissors/scissors_661.png,scissors,smooth,train,2438
data/scissors/scissors_703.png,scissors,smooth,val,2485
data/scissors/scissors_536.png,scissors,smooth,test,2299
data/scissors/scissors_530.png,scissors,smooth,val,2293
data/scissors/scissors_542.png,scissors,smooth,test,2306
data/scissors/scissors_479.png,scissors,smooth,train,2235
data/scissors/scissors_356.png,scissors,smooth,val,2099
data/scissors/scissors_558.png,scissors,smooth,test,2323
data/scissors/scissors_157.png,scissors,smooth,train,1878
data/scissors/scissors_546.png,scissors,smooth,val,2310
data/scissors/scissors_268.png,scissors,smooth,test,2001
data/scissors/scissors_526.png,scissors,smooth,train,2288
data/scissors/scissors_353.png,scissors,smooth,train,2096
data/scissors/scissors_502.png,scissors,smooth,val,2262
data/scissors/scissors_609.png,scissors,smooth,test,2380
data/scissors/scissors_579.png,scissors,smooth,val,2346
data/scissors/scissors_437.png,scissors,smooth,test,2189
data/scissors/scissors_595.png,scissors,smooth,train,2364
data/scissors/scissors_516.png,scissors,smooth,train,2277
data/scissors/scissors_383.png,scissors,smooth,val,2129
data/scissors/scissors_408.png,scissors,smooth,test,2157
data/scissors/scissors_657.png,scissors,smooth,val,2433
data/scissors/scissors_577.png,scissors,smooth,test,2344
data/scissors/scissors_68.png,scissors,smooth,train,2458
data/scissors/scissors_378.png,scissors,smooth,train,2123
data/scissors/scissors_487.png,scissors,smooth,val,2244
data/scissors/scissors_467.png,scissors,smooth,test,2222
data/scissors/scissors_450.png,scissors,smooth,val,2204
data/scissors/scissors_387.png,scissors,smooth,test,2134
data/scissors/scissors_388.png,scissors,smooth,test,2134
data/scissors/scissors_428.png,scissors,smooth,train,2179
data/scissors/scissors_473.png,scissors,smooth,train,2229
data/scissors/scissors_424.png,scissors,smooth,val,2175
data/scissors/scissors_708.png,scissors,smooth,val,2490
data/scissors/scissors_346.png,scissors,smooth,test,2088
data/scissors/scissors_632.png,scissors,smooth,train,2406
data/scissors/scissors_525.png,scissors,smooth,train,2287
data/scissors/scissors_432.png,scissors,smooth,val,2184
data/scissors/scissors_290.png,scissors,smooth,test,2026
data/scissors/scissors_476.png,scissors,smooth,val,2232
data/scissors/scissors_592.png,scissors,smooth,test,2361
data/scissors/scissors_572.png,scissors,smooth,train,2339
data/scissors/scissors_627.png,scissors,smooth,val,2400
data/scissors/scissors_464.png,scissors,smooth,test,2219
data/scissors/scissors_373.png,scissors,smooth,train,2118
data/scissors/scissors_543.png,scissors,smooth,val,2307
data/scissors/scissors_496.png,scissors,smooth,test,2254
data/scissors/scissors_375.png,scissors,smooth,train,2120
data/scissors/scissors_585.png,scissors,smooth,val,2353
data/scissors/scissors_90.png,scissors,smooth,test,2703
data/scissors/scissors_677.png,scissors,smooth,train,2455
data/scissors/scissors_535.png,scissors,smooth,val,2298
data/scissors/scissors_676.png,scissors,smooth,test,2454
data/scissors/scissors_637.png,scissors,smooth,train,2411
data/scissors/scissors_571.png,scissors,smooth,val,2338
data/scissors/scissors_540.png,scissors,smooth,test,2304
data/scissors/scissors_673.png,scissors,smooth,train,2452
data/scissors/scissors_674.png,scissors,smooth,train,2452
data/scissors/scissors_549.png,scissors,smooth,val,2313
data/scissors/scissors_459.png,scissors,smooth,test,2213
data/scissors/scissors_358.png,scissors,smooth,val,2101
data/scissors/scissors_312.png,scissors,smooth,test,2051
data/scissors/scissors_644.png,scissors,smooth,train,2419
data/scissors/scissors_689.png,scissors,smooth,val,2470
data/scissors/scissors_690.png,scissors,smooth,val,2470
data/scissors/scissors_398.png,scissors,smooth,test,2145
data/scissors/scissors_323.png,scissors,smooth,train,2075
data/scissors/scissors_334.png,scissors,smooth,train,2075
data/scissors/scissors_360.png,scissors,smooth,test,2104
data/scissors/scissors_631.png,scissors,smooth,val,2405
data/scissors/scissors_613.png,scissors,smooth,test,2385
data/scissors/scissors_486.png,scissors,smooth,train,2243
data/scissors/scissors_478.png,scissors,smooth,val,2234
data/scissors/scissors_511.png,scissors,smooth,test,2272
data/scissors/scissors_399.png,scissors,smooth,train,2146
data/scissors/scissors_494.png,scissors,smooth,val,2252
data/scissors/scissors_555.png,scissors,smooth,test,2320
data/scissors/scissors_537.png,scissors,smooth,train,2300
data/scissors/scissors_514.png,scissors,smooth,val,2275
data/scissors/scissors_430.png,scissors,smooth,test,2182
data/scissors/scissors_594.png,scissors,smooth,train,2363
data/scissors/scissors_363.png,scissors,smooth,val,2107
data/scissors/scissors_223.png,scissors,smooth,test,1952
data/scissors/scissors_653.png,scissors,smooth,train,2429
data/scissors/scissors_391.png,scissors,smooth,val,2138
data/scissors/scissors_352.png,scissors,smooth,test,2095
data/scissors/scissors_528.png,scissors,smooth,train,2290
data/scissors/scissors_667.png,scissors,smooth,train,2450
data/scissors/scissors_668.png,scissors,smooth,train,2450
data/scissors/scissors_672.png,scissors,smooth,train,2450
data/scissors/scissors_612.png,scissors,smooth,val,2384
data/scissors/scissors_392.png,scissors,smooth,test,2139
data/scissors/scissors_411.png,scissors,smooth,val,2162
data/scissors/scissors_412.png,scissors,smooth,val,2162
data/scissors/scissors_12.png,scissors,smooth,test,1837
data/scissors/scissors_499.png,scissors,smooth,test,2257
data/scissors/scissors_493.png,scissors,smooth,val,2251
data/scissors/scissors_477.png,scissors,smooth,test,2233
data/scissors/scissors_695.png,scissors,smooth,train,2475
data/scissors/scissors_100.png,scissors,textured,train,2716
data/scissors/scissors_99.png,scissors,textured,train,2716
data/scissors/scissors_337.png,scissors,textured,train,2078
data/scissors/scissors_16.png,scissors,textured,train,1881
data/scissors/scissors_780.png,scissors,textured,train,2570
data/scissors/scissors_266.png,scissors,textured,train,2000
data/scissors/scissors_267.png,scissors,textured,train,2000
data/scissors/scissors_97.png,scissors,textured,train,2714
data/scissors/scissors_165.png,scissors,textured,train,1887
data/scissors/scissors_721.png,scissors,textured,train,2505
data/scissors/scissors_872.png,scissors,textured,train,2672
data/scissors/scissors_210.png,scissors,textured,train,1938
data/scissors/scissors_131.png,scissors,textured,train,1850
data/scissors/scissors_159.png,scissors,textured,train,1880
data/scissors/scissors_186.png,scissors,textured,train,1910
data/scissors/scissors_162.png,scissors,textured,train,1886
data/scissors/scissors_163.png,scissors,textured,train,1886
data/scissors/scissors_164.png,scissors,textured,train,1886
data/scissors/scissors_831.png,scissors,textured,train,2627
data/scissors/scissors_884.png,scissors,textured,train,2685
data/scissors/scissors_783.png,scissors,textured,train,2576
data/scissors/scissors_784.png,scissors,textured,train,2576
data/scissors/scissors_785.png,scissors,textured,train,2576
data/scissors/scissors_786.png,scissors,textured,train,2576
data/scissors/scissors_787.png,scissors,textured,train,2576
data/scissors/scissors_788.png,scissors,textured,train,2576
data/scissors/scissors_789.png,scissors,textured,train,2576
data/scissors/scissors_794.png,scissors,textured,train,2585
data/scissors/scissors_749.png,scissors,textured,train,2535
data/scissors/scissors_328.png,scissors,textured,train,2068
data/scissors/scissors_874.png,scissors,textured,train,2674
data/scissors/scissors_320.png,scissors,textured,train,2060
data/scissors/scissors_285.png,scissors,textured,train,2020
data/scissors/scissors_111.png,scissors,textured,train,1828
data/scissors/scissors_733.png,scissors,textured,train,2518
data/scissors/scissors_10.png,scissors,textured,train,1815
data/scissors/scissors_211.png,scissors,textured,train,1939
data/scissors/scissors_329.png,scissors,textured,train,2073
data/scissors/scissors_330.png,scissors,textured,train,2073
data/scissors/scissors_332.png,scissors,textured,train,2073
data/scissors/scissors_284.png,scissors,textured,train,2019
data/scissors/scissors_819.png,scissors,textured,train,2613
data/scissors/scissors_77.png,scissors,textured,train,2558
data/scissors/scissors_238.png,scissors,textured,train,1968
data/scissors/scissors_161.png,scissors,textured,train,1883
data/scissors/scissors_182.png,scissors,textured,train,1906
data/scissors/scissors_734.png,scissors,textured,train,2519
data/scissors/scissors_28.png,scissors,textured,train,2014
data/scissors/scissors_217.png,scissors,textured,train,1945
data/scissors/scissors_56.png,scissors,textured,train,2325
data/scissors/scissors_244.png,scissors,textured,train,1975
data/scissors/scissors_43.png,scissors,textured,train,2181
data/scissors/scissors_175.png,scissors,textured,train,2125
data/scissors/scissors_34.png,scissors,textured,train,2125
data/scissors/scissors_36.png,scissors,textured,train,2125
data/scissors/scissors_37.png,scissors,textured,train,2125
data/scissors/scissors_38.png,scissors,textured,train,2125
data/scissors/scissors_868.png,scissors,textured,train,2667
data/scissors/scissors_176.png,scissors,textured,train,1900
data/scissors/scissors_177.png,scissors,textured,train,1900
data/scissors/scissors_70.png,scissors,textured,train,2481
data/scissors/scissors_108.png,scissors,textured,train,1824
data/scissors/scissors_21.png,scissors,textured,train,1937
data/scissors/scissors_280.png,scissors,textured,train,2015
data/scissors/scissors_113.png,scissors,textured,train,1830
data/scissors/scissors_9.png,scissors,textured,train,2702
data/scissors/scissors_829.png,scissors,textured,train,2624
data/scissors/scissors_820.png,scissors,textured,train,2615
data/scissors/scissors_227.png,scissors,textured,train,1956
data/scissors/scissors_333.png,scissors,textured,train,2074
data/scissors/scissors_311.png,scissors,textured,train,2050
data/scissors/scissors_249.png,scissors,textured,train,1980
data/scissors/scissors_103.png,scissors,textured,train,1819
data/scissors/scissors_322.png,scissors,textured,train,2062
data/scissors/scissors_292.png,scissors,textured,train,2028
data/scissors/scissors_274.png,scissors,textured,train,2009
data/scissors/scissors_275.png,scissors,textured,train,2009
data/scissors/scissors_799.png,scissors,textured,train,2597
data/scissors/scissors_800.png,scissors,textured,train,2597
data/scissors/scissors_801.png,scissors,textured,train,2597
data/scissors/scissors_803.png,scissors,textured,train,2597
data/scissors/scissors_804.png,scissors,textured,train,2597
data/scissors/scissors_258.png,scissors,textured,train,1990
data/scissors/scissors_890.png,scissors,textured,train,2707
data/scissors/scissors_891.png,scissors,textured,train,2707
data/scissors/scissors_892.png,scissors,textured,train,2707
data/scissors/scissors_893.png,scissors,textured,train,2707
data/scissors/scissors_894.png,scissors,textured,train,2707
data/scissors/scissors_895.png,scissors,textured,train,2707
data/scissors/scissors_896.png,scissors,textured,train,2707
data/scissors/scissors_897.png,scissors,textured,train,2707
data/scissors/scissors_898.png,scissors,textured,train,2707
data/scissors/scissors_899.png,scissors,textured,train,2707
data/scissors/scissors_900.png,scissors,textured,train,2707
data/scissors/scissors_901.png,scissors,textured,train,2707
data/scissors/scissors_902.png,scissors,textured,train,2707
data/scissors/scissors_903.png,scissors,textured,train,2707
data/scissors/scissors_236.png,scissors,textured,train,1966
data/scissors/scissors_180.png,scissors,textured,train,1905
data/scissors/scissors_181.png,scissors,textured,train,1905
data/scissors/scissors_71.png,scissors,textured,train,2492
data/scissors/scissors_145.png,scissors,textured,train,1865
data/scissors/scissors_861.png,scissors,textured,train,2668
data/scissors/scissors_864.png,scissors,textured,train,2668
data/scissors/scissors_865.png,scissors,textured,train,2668
data/scissors/scissors_869.png,scissors,textured,train,2668
data/scissors/scissors_307.png,scissors,textured,train,2045
data/scissors/scissors_833.png,scissors,textured,train,2629
data/scissors/scissors_130.png,scissors,textured,train,1849
data/scissors/scissors_272.png,scissors,textured,train,2006
data/scissors/scissors_731.png,scissors,textured,train,2516
data/scissors/scissors_222.png,scissors,textured,train,1951
data/scissors/scissors_102.png,scissors,textured,train,1818
data/scissors/scissors_104.png,scissors,textured,train,1820
data/scissors/scissors_193.png,scissors,textured,train,1918
data/scissors/scissors_862.png,scissors,textured,train,2662
data/scissors/scissors_863.png,scissors,textured,train,2662
data/scissors/scissors_200.png,scissors,textured,train,1927
data/scissors/scissors_208.png,scissors,textured,train,1935
data/scissors/scissors_735.png,scissors,textured,train,2520
data/scissors/scissors_291.png,scissors,textured,train,2027
data/scissors/scissors_245.png,scissors,textured,train,1976
data/scissors/scissors_262.png,scissors,textured,train,1995
data/scissors/scissors_207.png,scissors,textured,train,1934
data/scissors/scissors_757.png,scissors,textured,train,2544
data/scissors/scissors_110.png,scissors,textured,train,1827
data/scissors/scissors_830.png,scissors,textured,train,2626
data/scissors/scissors_850.png,scissors,textured,train,2655
data/scissors/scissors_851.png,scissors,textured,train,2655
data/scissors/scissors_852.png,scissors,textured,train,2655
data/scissors/scissors_853.png,scissors,textured,train,2655
data/scissors/scissors_854.png,scissors,textured,train,2655
data/scissors/scissors_855.png,scissors,textured,train,2655
data/scissors/scissors_856.png,scissors,textured,train,2655
data/scissors/scissors_857.png,scissors,textured,train,2655
data/scissors/scissors_858.png,scissors,textured,train,2655
data/scissors/scissors_335.png,scissors,textured,train,2076
data/scissors/scissors_64.png,scissors,textured,train,2414
data/scissors/scissors_31.png,scissors,textured,train,2048
data/scissors/scissors_750.png,scissors,textured,train,2538
data/scissors/scissors_751.png,scissors,textured,train,2538
data/scissors/scissors_860.png,scissors,textured,train,2659
data/scissors/scissors_247.png,scissors,textured,train,1978
data/scissors/scissors_129.png,scissors,textured,train,1847
data/scissors/scissors_66.png,scissors,textured,train,2469
data/scissors/scissors_67.png,scissors,textured,train,2469
data/scissors/scissors_69.png,scissors,textured,train,2469
data/scissors/scissors_729.png,scissors,textured,train,2513
data/scissors/scissors_795.png,scissors,textured,train,2586
data/scissors/scissors_233.png,scissors,textured,train,1963
data/scissors/scissors_253.png,scissors,textured,train,1985
data/scissors/scissors_132.png,scissors,textured,train,1851
data/scissors/scissors_886.png,scissors,textured,train,2687
data/scissors/scissors_154.png,scissors,textured,train,1875
data/scissors/scissors_120.png,scissors,textured,train,1838
data/scissors/scissors_80.png,scissors,textured,train,2592
data/scissors/scissors_147.png,scissors,textured,train,1872
data/scissors/scissors_148.png,scissors,textured,train,1872
data/scissors/scissors_149.png,scissors,textured,train,1872
data/scissors/scissors_150.png,scissors,textured,train,1872
data/scissors/scissors_151.png,scissors,textured,train,1872
data/scissors/scissors_765.png,scissors,textured,train,2553
data/scissors/scissors_797.png,scissors,textured,train,2588
data/scissors/scissors_115.png,scissors,textured,train,1832
data/scissors/scissors_25.png,scissors,textured,train,1981
data/scissors/scissors_771.png,scissors,textured,train,2562
data/scissors/scissors_772.png,scissors,textured,train,2562
data/scissors/scissors_773.png,scissors,textured,train,2562
data/scissors/scissors_720.png,scissors,textured,train,2504
data/scissors/scissors_185.png,scissors,textured,train,1909
data/scissors/scissors_171.png,scissors,textured,train,1894
data/scissors/scissors_871.png,scissors,textured,train,2671
data/scissors/scissors_45.png,scissors,textured,train,2203
data/scissors/scissors_127.png,scissors,textured,train,1845
data/scissors/scissors_197.png,scissors,textured,train,1923
data/scissors/scissors_198.png,scissors,textured,train,1923
data/scissors/scissors_65.png,scissors,textured,train,2425
data/scissors/scissors_823.png,scissors,textured,train,2619
data/scissors/scissors_824.png,scissors,textured,train,2619
data/scissors/scissors_781.png,scissors,textured,train,2571
data/scissors/scissors_232.png,scissors,textured,train,1962
data/scissors/scissors_6.png,scissors,textured,train,2369
data/scissors/scissors_828.png,scissors,textured,train,2623
data/scissors/scissors_308.png,scissors,textured,train,2046
data/scissors/scissors_310.png,scissors,textured,train,2049
data/scissors/scissors_213.png,scissors,textured,train,1941
data/scissors/scissors_316.png,scissors,textured,train,2055
data/scissors/scissors_30.png,scissors,textured,train,2037
data/scissors/scissors_736.png,scissors,textured,train,2521
data/scissors/scissors_96.png,scissors,textured,train,2713
data/scissors/scissors_53.png,scissors,textured,train,2292
data/scissors/scissors_78.png,scissors,textured,train,2569
data/scissors/scissors_230.png,scissors,textured,train,1960
data/scissors/scissors_231.png,scissors,textured,train,1961
data/scissors/scissors_263.png,scissors,textured,train,1996
data/scissors/scissors_98.png,scissors,textured,train,2715
data/scissors/scissors_331.png,scissors,textured,train,2072
data/scissors/scissors_204.png,scissors,textured,train,1931
data/scissors/scissors_294.png,scissors,textured,train,2030
data/scissors/scissors_49.png,scissors,textured,train,2247
data/scissors/scissors_139.png,scissors,textured,train,1858
data/scissors/scissors_44.png,scissors,textured,train,2192
data/scissors/scissors_248.png,scissors,textured,train,1979
data/scissors/scissors_39.png,scissors,textured,train,2136
data/scissors/scissors_271.png,scissors,textured,train,2005
data/scissors/scissors_753.png,scissors,textured,train,2540
data/scissors/scissors_727.png,scissors,textured,train,2512
data/scissors/scissors_728.png,scissors,textured,train,2512
data/scissors/scissors_255.png,scissors,textured,train,1987
data/scissors/scissors_867.png,scissors,textured,train,2666
data/scissors/scissors_841.png,scissors,textured,train,2638
data/scissors/scissors_305.png,scissors,textured,train,2043
data/scissors/scissors_711.png,scissors,textured,train,2496
data/scissors/scissors_712.png,scissors,textured,train,2496
data/scissors/scissors_713.png,scissors,textured,train,2496
data/scissors/scissors_173.png,scissors,textured,train,1897
data/scissors/scissors_174.png,scissors,textured,train,1897
data/scissors/scissors_26.png,scissors,textured,train,1992
data/scissors/scissors_47.png,scissors,textured,train,2225
data/scissors/scissors_741.png,scissors,textured,train,2527
data/scissors/scissors_62.png,scissors,textured,train,2392
data/scissors/scissors_2.png,scissors,textured,train,1925
data/scissors/scissors_196.png,scissors,textured,train,1921
data/scissors/scissors_269.png,scissors,textured,train,2002
data/scissors/scissors_270.png,scissors,textured,train,2004
data/scissors/scissors_116.png,scissors,textured,train,1833
data/scissors/scissors_214.png,scissors,textured,train,1942
data/scissors/scissors_206.png,scissors,textured,train,1933
data/scissors/scissors_806.png,scissors,textured,train,2606
data/scissors/scissors_807.png,scissors,textured,train,2606
data/scissors/scissors_808.png,scissors,textured,train,2606
data/scissors/scissors_809.png,scissors,textured,train,2606
data/scissors/scissors_810.png,scissors,textured,train,2606
data/scissors/scissors_811.png,scissors,textured,train,2606
data/scissors/scissors_812.png,scissors,textured,train,2606
data/scissors/scissors_813.png,scissors,textured,train,2606
data/scissors/scissors_814.png,scissors,textured,train,2606
data/scissors/scissors_5.png,scissors,textured,train,2258
data/scissors/scissors_158.png,scissors,textured,train,1879
data/scissors/scissors_716.png,scissors,textured,train,2499
data/scissors/scissors_790.png,scissors,textured,train,2583
data/scissors/scissors_791.png,scissors,textured,train,2583
data/scissors/scissors_792.png,scissors,textured,train,2583
data/scissors/scissors_793.png,scissors,textured,train,2583
data/scissors/scissors_836.png,scissors,textured,train,2632
data/scissors/scissors_137.png,scissors,textured,train,1856
data/scissors/scissors_166.png,scissors,textured,train,1888
data/scissors/scissors_254.png,scissors,textured,train,1986
data/scissors/scissors_88.png,scissors,textured,train,2708
data/scissors/scissors_89.png,scissors,textured,train,2708
data/scissors/scissors_91.png,scissors,textured,train,2708
data/scissors/scissors_288.png,scissors,textured,train,2023
data/scissors/scissors_170.png,scissors,textured,train,1893
data/scissors/scissors_822.png,scissors,textured,train,2617
data/scissors/scissors_187.png,scissors,textured,train,1911
data/scissors/scissors_188.png,scissors,textured,train,1912
data/scissors/scissors_134.png,scissors,textured,train,1855
data/scissors/scissors_136.png,scissors,textured,train,1855
data/scissors/scissors_273.png,scissors,textured,train,2007
data/scissors/scissors_226.png,scissors,textured,train,1955
data/scissors/scissors_261.png,scissors,textured,train,1994
data/scissors/scissors_256.png,scissors,textured,train,1988
data/scissors/scissors_160.png,scissors,textured,train,1882
data/scissors/scissors_105.png,scissors,textured,train,1821
data/scissors/scissors_133.png,scissors,textured,train,1852
data/scissors/scissors_796.png,scissors,textured,train,2587
data/scissors/scissors_192.png,scissors,textured,train,1917
data/scissors/scissors_299.png,scissors,textured,train,2035
data/scissors/scissors_205.png,scissors,textured,train,1932
data/scissors/scissors_228.png,scissors,textured,train,1957
data/scissors/scissors_48.png,scissors,textured,train,2236
data/scissors/scissors_264.png,scissors,textured,train,1997
data/scissors/scissors_140.png,scissors,textured,train,1862
data/scissors/scissors_141.png,scissors,textured,train,1862
data/scissors/scissors_142.png,scissors,textured,train,1862
data/scissors/scissors_847.png,scissors,textured,train,2644
data/scissors/scissors_723.png,scissors,textured,train,2507
data/scissors/scissors_336.png,scissors,textured,val,2077
data/scissors/scissors_732.png,scissors,textured,test,2517
data/scissors/scissors_763.png,scissors,textured,train,2551
data/scissors/scissors_220.png,scissors,textured,val,1949
data/scissors/scissors_243.png,scissors,textured,test,1974
data/scissors/scissors_873.png,scissors,textured,train,2681
data/scissors/scissors_875.png,scissors,textured,train,2681
data/scissors/scissors_876.png,scissors,textured,train,2681
data/scissors/scissors_877.png,scissors,textured,train,2681
data/scissors/scissors_878.png,scissors,textured,train,2681
data/scissors/scissors_879.png,scissors,textured,train,2681
data/scissors/scissors_880.png,scissors,textured,train,2681
data/scissors/scissors_152.png,scissors,textured,val,1873
data/scissors/scissors_737.png,scissors,textured,test,2522
data/scissors/scissors_54.png,scissors,textured,val,2303
data/scissors/scissors_276.png,scissors,textured,test,2011
data/scissors/scissors_277.png,scissors,textured,test,2011
data/scissors/scissors_225.png,scissors,textured,val,1954
data/scissors/scissors_752.png,scissors,textured,val,2539
data/scissors/scissors_7.png,scissors,textured,test,2480
data/scissors/scissors_298.png,scissors,textured,val,2034
data/scissors/scissors_845.png,scissors,textured,test,2642
data/scissors/scissors_178.png,scissors,textured,val,1901
data/scissors/scissors_117.png,scissors,textured,test,1834
data/scissors/scissors_82.png,scissors,textured,val,2614
data/scissors/scissors_95.png,scissors,textured,test,2712
data/scissors/scissors_240.png,scissors,textured,train,1971
data/scissors/scissors_344.png,scissors,textured,val,2086
data/scissors/scissors_888.png,scissors,textured,test,2689
data/scissors/scissors_287.png,scissors,textured,train,2022
data/scissors/scissors_755.png,scissors,textured,val,2542
data/scissors/scissors_143.png,scissors,textured,test,1864
data/scissors/scissors_144.png,scissors,textured,test,1864
data/scissors/scissors_106.png,scissors,textured,train,1822
data/scissors/scissors_747.png,scissors,textured,val,2533
data/scissors/scissors_764.png,scissors,textured,train,2552
data/scissors/scissors_840.png,scissors,textured,val,2639
data/scissors/scissors_842.png,scissors,textured,val,2639
data/scissors/scissors_42.png,scissors,textured,test,2170
data/scissors/scissors_260.png,scissors,textured,train,1993
data/scissors/scissors_821.png,scissors,textured,test,2616
data/scissors/scissors_81.png,scissors,textured,train,2603
data/scissors/scissors_717.png,scissors,textured,val,2502
data/scissors/scissors_719.png,scissors,textured,val,2502
data/scissors/scissors_303.png,scissors,textured,test,2042
data/scissors/scissors_304.png,scissors,textured,test,2042
data/scissors/scissors_119.png,scissors,textured,train,1836
data/scissors/scissors_114.png,scissors,textured,train,1831
data/scissors/scissors_4.png,scissors,textured,val,2147
data/scissors/scissors_295.png,scissors,textured,test,2032
data/scissors/scissors_296.png,scissors,textured,test,2032
data/scissors/scissors_191.png,scissors,textured,train,1916
data/scissors/scissors_239.png,scissors,textured,val,1969
data/scissors/scissors_289.png,scissors,textured,train,2024
data/scissors/scissors_216.png,scissors,textured,val,1944
data/scissors/scissors_714.png,scissors,textured,test,2497
data/scissors/scissors_60.png,scissors,textured,train,2370
data/scissors/scissors_321.png,scissors,textured,val,2061
data/scissors/scissors_846.png,scissors,textured,test,2643
data/scissors/scissors_738.png,scissors,textured,train,2534
data/scissors/scissors_742.png,scissors,textured,train,2534
data/scissors/scissors_743.png,scissors,textured,train,2534
data/scissors/scissors_744.png,scissors,textured,train,2534
data/scissors/scissors_745.png,scissors,textured,train,2534
data/scissors/scissors_746.png,scissors,textured,train,2534
data/scissors/scissors_748.png,scissors,textured,train,2534
data/scissors/scissors_889.png,scissors,textured,val,2690
data/scissors/scissors_241.png,scissors,textured,test,1972
data/scissors/scissors_835.png,scissors,textured,val,2631
data/scissors/scissors_758.png,scissors,textured,test,2545
data/scissors/scissors_237.png,scissors,textured,val,1967
data/scissors/scissors_319.png,scissors,textured,test,2058
data/scissors/scissors_286.png,scissors,textured,val,2021
data/scissors/scissors_242.png,scissors,textured,test,1973
data/scissors/scissors_202.png,scissors,textured,val,2083
data/scissors/scissors_203.png,scissors,textured,val,2083
data/scissors/scissors_341.png,scissors,textured,val,2083
data/scissors/scissors_283.png,scissors,textured,test,2018
data/scissors/scissors_3.png,scissors,textured,test,2036
data/scissors/scissors_798.png,scissors,textured,test,2589
data/scissors/scissors_167.png,scissors,textured,train,1891
data/scissors/scissors_169.png,scissors,textured,train,1891
data/scissors/scissors_297.png,scissors,textured,val,2033
data/scissors/scissors_832.png,scissors,textured,test,2628
data/scissors/scissors_218.png,scissors,textured,val,1947
data/scissors/scissors_219.png,scissors,textured,val,1947
data/scissors/scissors_59.png,scissors,textured,test,2358
data/scissors/scissors_153.png,scissors,textured,train,1874
data/scissors/scissors_55.png,scissors,textured,test,2314
data/scissors/scissors_155.png,scissors,textured,train,1876
data/scissors/scissors_265.png,scissors,textured,val,1998
data/scissors/scissors_756.png,scissors,textured,test,2543
data/scissors/scissors_775.png,scissors,textured,train,2565
data/scissors/scissors_776.png,scissors,textured,train,2565
data/scissors/scissors_761.png,scissors,textured,val,2550
data/scissors/scissors_762.png,scissors,textured,val,2550
data/scissors/scissors_739.png,scissors,textured,test,2524
data/scissors/scissors_866.png,scissors,textured,test,2665
data/scissors/scissors_826.png,scissors,textured,train,2622
data/scissors/scissors_827.png,scissors,textured,train,2622
data/scissors/scissors_338.png,scissors,textured,val,2082
data/scissors/scissors_339.png,scissors,textured,val,2082
data/scissors/scissors_340.png,scissors,textured,val,2082
data/scissors/scissors_63.png,scissors,textured,test,2403
data/scissors/scissors_41.png,scissors,textured,test,2159
data/scissors/scissors_61.png,scissors,textured,train,2381
data/scissors/scissors_326.png,scissors,textured,test,2067
data/scissors/scissors_327.png,scissors,textured,test,2067
data/scissors/scissors_183.png,scissors,textured,train,1908
data/scissors/scissors_184.png,scissors,textured,train,1908
data/scissors/scissors_27.png,scissors,textured,val,2003
data/scissors/scissors_300.png,scissors,textured,val,2038
data/scissors/scissors_128.png,scissors,textured,test,1846
data/scissors/scissors_837.png,scissors,textured,train,2633
data/scissors/scissors_278.png,scissors,textured,val,2012
data/scissors/scissors_224.png,scissors,textured,test,1953
data/scissors/scissors_816.png,scissors,textured,train,2612
data/scissors/scissors_817.png,scissors,textured,train,2612
data/scissors/scissors_818.png,scissors,textured,train,2612
data/scissors/scissors_84.png,scissors,textured,val,2636
data/scissors/scissors_724.png,scissors,textured,test,2510
data/scissors/scissors_725.png,scissors,textured,test,2510
data/scissors/scissors_726.png,scissors,textured,test,2510
data/scissors/scissors_85.png,scissors,textured,val,2658
data/scissors/scissors_86.png,scissors,textured,val,2658
data/scissors/scissors_40.png,scissors,textured,train,2148
data/scissors/scissors_885.png,scissors,textured,val,2686
data/scissors/scissors_29.png,scissors,textured,test,2025
data/scissors/scissors_293.png,scissors,textured,train,2029
data/scissors/scissors_121.png,scissors,textured,val,2525
data/scissors/scissors_73.png,scissors,textured,val,2525
data/scissors/scissors_74.png,scissors,textured,val,2525
data/scissors/scissors_229.png,scissors,textured,test,1958
data/scissors/scissors_83.png,scissors,textured,train,2625
data/scissors/scissors_23.png,scissors,textured,test,1959
data/scissors/scissors_282.png,scissors,textured,train,2017
data/scissors/scissors_118.png,scissors,textured,test,1835
data/scissors/scissors_93.png,scissors,textured,train,2711
data/scissors/scissors_94.png,scissors,textured,train,2711
data/scissors/scissors_92.png,scissors,textured,val,2709
data/scissors/scissors_19.png,scissors,textured,test,1926
data/scissors/scissors_20.png,scissors,textured,test,1926
data/scissors/scissors_22.png,scissors,textured,val,1948
data/scissors/scissors_730.png,scissors,textured,train,2515
data/scissors/scissors_72.png,scissors,textured,val,2503
data/scissors/scissors_215.png,scissors,textured,test,1943
data/scissors/scissors_306.png,scissors,textured,train,2044
data/scissors/scissors_778.png,scissors,textured,val,2568
data/scissors/scissors_779.png,scissors,textured,val,2568
data/scissors/scissors_870.png,scissors,textured,test,2670
data/scissors/scissors_843.png,scissors,textured,train,2640
data/scissors/scissors_189.png,scissors,textured,test,1913
data/scissors/scissors_302.png,scissors,textured,train,2040
data/scissors/scissors_815.png,scissors,textured,val,2609
data/scissors/scissors_17.png,scissors,textured,test,1903
data/scissors/scissors_18.png,scissors,textured,test,1903
data/scissors/scissors_87.png,scissors,textured,train,2669
data/scissors/scissors_309.png,scissors,textured,val,2047
data/scissors/scissors_859.png,scissors,textured,train,2657
data/scissors/scissors_317.png,scissors,textured,val,2057
data/scissors/scissors_318.png,scissors,textured,val,2057
data/scissors/scissors_887.png,scissors,textured,test,2688
data/scissors/scissors_259.png,scissors,textured,train,1991
data/scissors/scissors_33.png,scissors,textured,test,2070
data/scissors/scissors_342.png,scissors,textured,train,2084
data/scissors/scissors_122.png,scissors,textured,val,1844
data/scissors/scissors_125.png,scissors,textured,val,1844
data/scissors/scissors_126.png,scissors,textured,val,1844
data/scissors/scissors_722.png,scissors,textured,test,2506
data/scissors/scissors_343.png,scissors,textured,train,2085
data/scissors/scissors_109.png,scissors,textured,test,1825
data/scissors/scissors_782.png,scissors,textured,train,2572
data/scissors/scissors_849.png,scissors,textured,test,2646
data/scissors/scissors_75.png,scissors,textured,train,2536
data/scissors/scissors_777.png,scissors,textured,val,2566
data/scissors/scissors_76.png,scissors,textured,test,2547
data/scissors/scissors_14.png,scissors,textured,train,1870
data/scissors/scissors_15.png,scissors,textured,train,1870
data/scissors/scissors_32.png,scissors,textured,val,2059
data/scissors/scissors_759.png,scissors,textured,test,2548
data/scissors/scissors_760.png,scissors,textured,test,2548
data/scissors/scissors_156.png,scissors,textured,val,1877
data/scissors/scissors_221.png,scissors,textured,train,1950
data/scissors/scissors_50.png,scissors,textured,val,2270
data/scissors/scissors_51.png,scissors,textured,val,2270
data/scissors/scissors_8.png,scissors,textured,test,2591
data/scissors/scissors_881.png,scissors,textured,train,2684
data/scissors/scissors_882.png,scissors,textured,train,2684
data/scissors/scissors_883.png,scissors,textured,train,2684
data/scissors/scissors_313.png,scissors,textured,test,2054
data/scissors/scissors_314.png,scissors,textured,test,2054
data/scissors/scissors_315.png,scissors,textured,test,2054
data/scissors/scissors_834.png,scissors,textured,val,2630
data/scissors/scissors_1.png,scissors,textured,val,1814
data/scissors/scissors_58.png,scissors,textured,train,2347
data/scissors/scissors_281.png,scissors,textured,val,2016
data/scissors/scissors_194.png,scissors,textured,test,2065
data/scissors/scissors_195.png,scissors,textured,test,2065
data/scissors/scissors_199.png,scissors,textured,test,2065
data/scissors/scissors_209.png,scissors,textured,test,2065
data/scissors/scissors_324.png,scissors,textured,test,2065
data/scissors/scissors_325.png,scissors,textured,test,2065
data/scissors/scissors_251.png,scissors,textured,train,1984
data/scissors/scissors_252.png,scissors,textured,train,1984
data/scissors/scissors_802.png,scissors,textured,val,2598
data/scissors/scissors_805.png,scissors,textured,val,2598
data/scissors/scissors_754.png,scissors,textured,train,2541
data/scissors/scissors_844.png,scissors,textured,val,2641
data/scissors/scissors_107.png,scissors,textured,train,1823
data/scissors/scissors_766.png,scissors,textured,val,2559
data/scissors/scissors_767.png,scissors,textured,val,2559
data/scissors/scissors_768.png,scissors,textured,val,2559
data/scissors/scissors_769.png,scissors,textured,val,2559
data/scissors/scissors_770.png,scissors,textured,val,2559
data/scissors/scissors_774.png,scissors,textured,val,2559
data/scissors/scissors_825.png,scissors,textured,train,2620
data/scissors/scissors_740.png,scissors,textured,train,2526
data/scissors/scissors_172.png,scissors,textured,test,1895
data/scissors/scissors_138.png,scissors,textured,train,1857
data/scissors/scissors_715.png,scissors,textured,test,2501
data/scissors/scissors_718.png,scissors,textured,test,2501
data/scissors/scissors_838.png,scissors,textured,train,2635
data/scissors/scissors_839.png,scissors,textured,train,2635
data/scissors/scissors_848.png,scissors,textured,test,2645
data/scissors/scissors_52.png,scissors,textured,train,2281
data/scissors/scissors_250.png,scissors,textured,val,1982
